-- MySQL dump 10.13  Distrib 5.7.33, for Linux (x86_64)
--
-- Host: localhost    Database: my_project
-- ------------------------------------------------------
-- Server version	5.7.33-0ubuntu0.18.04.1

/*!40101 SET @OLD_CHARACTER_SET_CLIENT=@@CHARACTER_SET_CLIENT */;
/*!40101 SET @OLD_CHARACTER_SET_RESULTS=@@CHARACTER_SET_RESULTS */;
/*!40101 SET @OLD_COLLATION_CONNECTION=@@COLLATION_CONNECTION */;
/*!40101 SET NAMES utf8 */;
/*!40103 SET @OLD_TIME_ZONE=@@TIME_ZONE */;
/*!40103 SET TIME_ZONE='+00:00' */;
/*!40014 SET @OLD_UNIQUE_CHECKS=@@UNIQUE_CHECKS, UNIQUE_CHECKS=0 */;
/*!40014 SET @OLD_FOREIGN_KEY_CHECKS=@@FOREIGN_KEY_CHECKS, FOREIGN_KEY_CHECKS=0 */;
/*!40101 SET @OLD_SQL_MODE=@@SQL_MODE, SQL_MODE='NO_AUTO_VALUE_ON_ZERO' */;
/*!40111 SET @OLD_SQL_NOTES=@@SQL_NOTES, SQL_NOTES=0 */;

--
-- Table structure for table `alembic_version`
--

DROP TABLE IF EXISTS `alembic_version`;
/*!40101 SET @saved_cs_client     = @@character_set_client */;
/*!40101 SET character_set_client = utf8 */;
CREATE TABLE `alembic_version` (
  `version_num` varchar(32) COLLATE utf8mb4_unicode_ci NOT NULL,
  PRIMARY KEY (`version_num`)
) ENGINE=InnoDB DEFAULT CHARSET=utf8mb4 COLLATE=utf8mb4_unicode_ci;
/*!40101 SET character_set_client = @saved_cs_client */;

--
-- Dumping data for table `alembic_version`
--

LOCK TABLES `alembic_version` WRITE;
/*!40000 ALTER TABLE `alembic_version` DISABLE KEYS */;
INSERT INTO `alembic_version` VALUES ('e9c8b3ae9bd7');
/*!40000 ALTER TABLE `alembic_version` ENABLE KEYS */;
UNLOCK TABLES;

--
-- Table structure for table `interval_words`
--

DROP TABLE IF EXISTS `interval_words`;
/*!40101 SET @saved_cs_client     = @@character_set_client */;
/*!40101 SET character_set_client = utf8 */;
CREATE TABLE `interval_words` (
  `user_id` int(11) NOT NULL,
  `word_id` int(11) NOT NULL,
  `addition_time` datetime NOT NULL,
  `repeating_time` datetime DEFAULT NULL,
  `time_to_repeat` int(11) DEFAULT NULL,
  `status` int(11) DEFAULT NULL,
  PRIMARY KEY (`user_id`,`word_id`),
  KEY `word_id` (`word_id`),
  CONSTRAINT `interval_words_ibfk_1` FOREIGN KEY (`user_id`) REFERENCES `user` (`id`),
  CONSTRAINT `interval_words_ibfk_2` FOREIGN KEY (`word_id`) REFERENCES `vocabulary` (`id`)
) ENGINE=InnoDB DEFAULT CHARSET=utf8mb4 COLLATE=utf8mb4_unicode_ci;
/*!40101 SET character_set_client = @saved_cs_client */;

--
-- Dumping data for table `interval_words`
--

LOCK TABLES `interval_words` WRITE;
/*!40000 ALTER TABLE `interval_words` DISABLE KEYS */;
INSERT INTO `interval_words` VALUES (1,3,'2020-12-13 18:36:43','2021-05-29 14:34:20',-100239,7),(1,4,'2020-12-13 18:36:43','2021-06-05 07:16:58',478319,7),(1,22,'2020-12-13 18:36:43','2021-06-05 07:16:53',478314,7),(1,26,'2020-12-13 18:36:43','2021-06-05 07:13:01',478082,7),(1,27,'2020-12-13 18:36:43','2021-05-29 14:35:59',-100140,7),(1,29,'2020-12-13 18:36:43','2021-05-29 14:39:34',-99925,7),(1,30,'2020-12-13 18:36:43','2021-06-05 07:13:23',478104,7),(1,32,'2020-12-13 18:44:29','2021-06-05 07:15:46',478247,7),(1,34,'2020-12-13 18:44:29','2021-06-04 14:22:20',417441,7),(1,37,'2020-12-13 18:44:29','2021-06-05 07:16:27',478288,7),(1,42,'2020-12-13 18:44:29','2021-05-29 14:34:33',-100226,7),(1,43,'2020-12-13 18:44:29','2021-05-29 14:37:39',-100040,7),(1,46,'2020-12-13 18:44:29','2021-06-04 07:41:44',393405,7),(1,48,'2020-12-13 18:44:29','2021-06-04 14:22:36',417457,7),(1,49,'2020-12-13 18:44:29','2021-06-05 07:14:12',478153,7),(1,53,'2020-12-14 19:17:55','2021-05-29 14:35:32',-100167,7),(1,54,'2020-12-14 19:17:55','2021-06-05 07:12:20',478041,7),(1,56,'2020-12-14 19:17:55','2021-06-04 07:46:05',393666,7),(1,59,'2020-12-14 19:17:55','2021-05-29 14:34:55',-100204,7),(1,70,'2020-12-14 19:17:55','2021-06-04 14:24:03',417544,7),(1,71,'2020-12-14 19:17:55','2021-05-29 14:38:40',-99979,7),(1,79,'2020-12-18 18:48:51','2021-06-04 07:41:35',393396,7),(1,81,'2020-12-18 18:48:51','2021-06-05 07:14:40',478181,7),(1,84,'2020-12-18 18:48:51','2021-05-29 14:39:01',-99958,7),(1,90,'2020-12-18 18:48:51','2021-06-05 07:13:08',478089,7),(1,92,'2020-12-18 18:48:51','2021-06-05 07:14:20',478161,7),(1,95,'2020-12-18 18:48:51','2021-06-04 14:21:59',417420,7),(1,98,'2020-12-18 18:48:51','2021-05-29 14:35:07',-100192,7),(1,99,'2020-12-18 18:48:51','2021-06-05 07:13:56',478137,7),(1,104,'2020-12-19 08:36:56','2021-05-29 14:34:46',-100213,7),(1,107,'2020-12-19 08:36:56','2021-05-29 14:37:31',-100048,7),(1,109,'2020-12-19 08:36:56','2021-06-05 07:14:52',478193,7),(1,115,'2020-12-19 08:36:56','2021-06-05 07:12:54',478075,7),(1,117,'2020-12-19 08:36:56','2021-06-04 07:44:52',393593,7),(1,119,'2020-12-19 08:36:56','2021-06-04 14:22:56',417477,7),(1,120,'2020-12-19 08:36:56','2021-06-04 07:41:10',393371,7),(1,121,'2020-12-19 08:36:56','2021-06-04 07:37:30',393151,7),(1,124,'2020-12-19 08:36:56','2021-06-05 07:15:55',478256,7),(1,127,'2020-12-19 15:55:59','2021-06-05 07:16:06',478267,7),(1,128,'2021-01-08 09:37:02','2021-05-29 14:38:09',-100010,7),(1,130,'2021-01-17 10:49:35','2021-06-04 07:42:11',393432,7),(1,131,'2021-01-17 10:50:10','2021-05-29 14:38:52',-99967,7),(1,133,'2021-01-17 10:50:40','2021-06-04 07:44:26',393567,7),(1,136,'2021-01-17 10:51:29','2021-05-29 14:36:13',-100126,7),(1,139,'2021-01-17 10:53:22','2021-05-29 14:37:20',-100059,7),(1,141,'2021-01-17 10:53:56','2021-05-29 14:38:26',-99993,7),(1,142,'2021-01-17 10:54:09','2021-06-05 07:14:31',478172,7),(1,143,'2021-01-17 10:54:21','2021-05-29 14:35:23',-100176,7),(1,144,'2021-01-17 10:54:35','2021-06-04 07:46:16',393677,7),(1,148,'2021-01-17 10:56:10','2021-06-05 07:19:09',478450,7),(1,149,'2021-01-17 10:56:27','2021-06-05 07:12:38',478059,7),(1,150,'2021-01-17 10:56:38','2021-06-05 07:15:39',478240,7),(1,151,'2021-01-17 10:56:56','2021-05-29 14:37:50',-100029,7),(1,152,'2021-01-17 10:49:54','2021-06-04 07:42:23',393444,7),(1,153,'2021-01-17 10:53:42','2021-06-04 07:41:59',393420,7),(1,154,'2021-01-17 10:55:41','2021-06-05 07:16:15',478276,7),(1,155,'2021-02-01 04:52:23','2021-06-17 19:07:57',1557778,7),(1,156,'2021-02-01 04:52:53','2021-06-17 19:08:29',1557810,7),(1,157,'2021-02-01 04:53:02','2021-06-17 19:02:26',1557447,7),(1,158,'2021-02-01 04:53:15','2021-06-17 19:07:26',1557747,7),(1,159,'2021-02-01 04:53:26','2021-06-17 19:05:52',1557653,7),(1,160,'2021-02-01 04:53:45','2021-06-17 19:07:33',1557754,7),(1,161,'2021-02-01 04:54:02','2021-06-17 19:06:32',1557693,7),(1,162,'2021-02-01 04:54:16','2021-06-17 19:03:18',1557499,7),(1,163,'2021-02-01 04:54:28','2021-06-17 19:01:49',1557410,7),(1,164,'2021-02-01 04:54:37','2021-06-17 19:03:54',1557535,7),(1,165,'2021-02-01 04:54:46','2021-06-17 19:05:58',1557659,7),(1,166,'2021-02-01 04:54:59','2021-06-17 19:06:39',1557700,7),(1,167,'2021-02-01 04:55:08','2021-06-17 19:05:26',1557627,7),(1,168,'2021-02-01 04:55:25','2021-06-17 19:03:25',1557506,7),(1,169,'2021-02-01 04:55:36','2021-06-17 19:07:40',1557761,7),(1,170,'2021-02-01 04:55:46','2021-06-17 19:02:20',1557441,7),(1,171,'2021-02-01 04:56:01','2021-06-17 19:01:56',1557417,7),(1,172,'2021-02-01 04:56:11','2021-06-17 19:08:08',1557789,7),(1,173,'2021-02-01 04:56:20','2021-06-17 19:04:23',1557564,7),(1,174,'2021-02-02 04:37:45','2021-06-17 19:02:09',1557430,7),(1,175,'2021-02-02 04:37:59','2021-06-17 19:06:47',1557708,7),(1,177,'2021-02-23 11:43:23','2021-07-12 07:53:43',3677324,7),(1,178,'2021-02-23 11:43:41','2021-07-12 07:52:56',3677277,7),(1,179,'2021-02-23 11:43:56','2021-07-12 07:53:03',3677284,7),(1,180,'2021-02-23 11:44:13','2021-07-12 07:48:58',3677039,7),(1,181,'2021-02-23 11:44:33','2021-07-12 07:48:31',3677012,7),(1,182,'2021-02-23 11:55:21','2021-07-12 07:52:43',3677264,7),(1,183,'2021-02-23 11:45:57','2021-07-12 07:48:45',3677026,7),(1,184,'2021-02-23 11:46:15','2021-07-12 07:49:26',3677067,7),(1,185,'2021-02-23 11:46:33','2021-07-12 07:50:03',3677104,7),(1,186,'2021-02-23 11:46:47','2021-07-12 07:51:46',3677207,7),(1,187,'2021-02-23 11:48:19','2021-07-12 07:52:35',3677256,7),(1,188,'2021-02-23 11:49:19','2021-07-12 07:50:48',3677149,7),(1,190,'2021-02-23 11:49:35','2021-07-12 07:47:45',3676966,7),(1,191,'2021-02-23 11:50:56','2021-07-12 07:48:51',3677032,7),(1,194,'2021-03-02 11:24:21','2021-07-12 07:51:21',3677182,7),(1,195,'2021-03-01 18:03:47','2021-07-12 07:51:52',3677213,7),(1,196,'2021-03-01 18:16:50','2021-07-12 07:49:15',3677056,7),(1,197,'2021-03-01 18:19:09','2021-07-12 07:53:28',3677309,7),(1,198,'2021-03-09 11:05:37','2021-07-18 14:33:26',4219707,7),(1,199,'2021-03-09 11:05:38','2021-07-18 14:13:39',4218520,7),(1,200,'2021-03-09 11:05:39','2021-07-18 14:20:37',4218938,7),(1,201,'2021-03-09 11:05:40','2021-07-18 14:33:57',4219738,7),(1,202,'2021-03-09 11:05:41','2021-07-18 14:19:49',4218890,7),(1,203,'2021-03-09 11:05:43','2021-07-18 14:24:15',4219156,7),(1,204,'2021-03-09 11:05:43','2021-07-18 14:30:01',4219502,7),(1,205,'2021-03-09 11:05:45','2021-07-18 14:26:24',4219285,7),(1,206,'2021-03-09 11:05:46','2021-07-18 14:15:08',4218609,7),(1,207,'2021-03-09 11:05:47','2021-07-18 14:20:47',4218948,7),(1,208,'2021-03-09 11:05:48','2021-07-18 14:20:09',4218910,7),(1,209,'2021-03-09 11:05:49','2021-07-18 14:14:08',4218549,7),(1,210,'2021-03-09 11:05:50','2021-07-18 14:14:22',4218563,7),(1,211,'2021-03-09 11:05:51','2021-07-18 14:19:31',4218872,7),(1,212,'2021-03-09 11:05:52','2021-07-18 14:32:59',4219680,7),(1,214,'2021-03-21 12:07:15','2021-06-12 07:47:37',1084958,6),(1,215,'2021-03-21 12:07:00','2021-06-12 07:51:15',1085176,6),(1,216,'2021-03-21 12:06:49','2021-06-12 07:52:26',1085247,6),(1,217,'2021-04-18 16:28:18','2021-06-09 14:38:29',850410,5),(1,222,'2021-05-18 11:36:16','2021-06-14 18:08:50',1295031,5),(1,223,'2021-05-18 11:36:35','2021-06-14 18:14:09',1295350,5),(1,333,'2021-05-18 13:54:18','2021-06-14 18:18:48',1295629,5),(1,334,'2021-05-18 13:54:18','2021-06-14 18:19:57',1295698,5),(1,335,'2021-05-18 13:54:19','2021-06-14 18:07:01',1294922,5),(1,336,'2021-05-18 13:54:19','2021-06-14 18:23:17',1295898,5),(1,337,'2021-05-18 13:54:19','2021-06-14 18:13:21',1295302,5),(1,338,'2021-05-18 13:54:19','2021-06-14 18:06:09',1294870,5),(1,339,'2021-05-18 13:54:19','2021-06-14 18:21:09',1295770,5),(1,340,'2021-05-18 13:54:19','2021-06-14 18:07:13',1294934,5),(1,341,'2021-05-18 13:54:20','2021-06-14 18:12:47',1295268,5),(1,342,'2021-05-18 13:54:20','2021-06-14 18:13:41',1295322,5),(1,343,'2021-05-18 13:58:35','2021-06-14 18:22:36',1295857,5),(1,344,'2021-05-18 13:58:35','2021-06-14 18:21:22',1295783,5),(1,345,'2021-05-18 13:58:35','2021-06-14 18:19:52',1295693,5),(1,346,'2021-05-18 13:58:35','2021-06-14 18:07:30',1294951,5),(1,347,'2021-05-18 13:58:35','2021-06-14 18:09:20',1295061,5),(1,348,'2021-05-18 13:58:35','2021-06-14 18:22:57',1295878,5),(1,349,'2021-05-18 13:58:36','2021-06-14 18:06:33',1294894,5),(1,350,'2021-05-18 13:58:36','2021-06-14 18:20:55',1295756,5),(1,351,'2021-05-18 13:58:36','2021-06-14 18:11:39',1295200,5),(1,352,'2021-05-18 13:58:36','2021-06-14 18:09:12',1295053,5),(1,353,'2021-05-20 17:51:53','2021-06-01 14:02:10',157031,4),(1,354,'2021-05-20 17:51:53','2021-06-01 13:57:02',156723,4),(1,355,'2021-05-20 17:51:53','2021-06-01 13:59:12',156853,4),(1,356,'2021-05-20 17:51:54','2021-06-01 14:01:01',156962,4),(1,357,'2021-05-20 17:51:54','2021-06-01 14:00:45',156946,4),(1,358,'2021-05-20 17:51:54','2021-06-01 13:58:49',156830,4),(1,359,'2021-05-20 17:51:55','2021-06-01 13:57:11',156732,4),(1,360,'2021-05-20 17:51:55','2021-06-01 13:59:31',156872,4),(1,361,'2021-05-20 17:51:55','2021-06-01 13:58:11',156792,4),(1,362,'2021-05-20 17:51:55','2021-06-01 14:00:55',156956,4),(1,363,'2021-05-20 17:52:38','2021-06-01 13:58:56',156837,4),(1,364,'2021-05-20 17:52:38','2021-06-01 14:37:53',159174,4),(1,365,'2021-05-20 17:52:38','2021-06-01 14:00:01',156902,4),(1,366,'2021-05-20 17:52:39','2021-06-01 14:38:14',159195,4),(1,367,'2021-05-20 17:52:39','2021-06-01 14:34:37',158978,4),(1,368,'2021-05-20 17:52:39','2021-06-01 13:58:43',156824,4),(1,369,'2021-05-20 17:52:40','2021-06-01 13:57:51',156772,4),(1,370,'2021-05-20 17:52:40','2021-06-01 14:02:25',157046,4),(1,371,'2021-05-20 17:52:40','2021-06-01 14:00:40',156941,4),(1,372,'2021-05-20 17:52:40','2021-06-01 14:01:56',157017,4),(1,373,'2021-05-22 19:29:53','2021-06-04 07:16:57',391918,4),(1,374,'2021-05-22 19:29:54','2021-06-04 07:17:11',391932,4),(1,375,'2021-05-22 19:29:54','2021-06-04 07:16:49',391910,4),(1,376,'2021-05-22 19:29:54','2021-06-04 07:16:41',391902,4),(1,377,'2021-05-22 19:29:54','2021-06-04 07:16:25',391886,4),(1,378,'2021-05-22 19:29:55','2021-06-04 07:17:24',391945,4),(1,379,'2021-05-22 19:29:55','2021-06-04 07:17:42',391963,4),(1,380,'2021-05-22 19:29:55','2021-06-04 07:16:32',391893,4),(1,382,'2021-05-25 04:56:55','2021-05-30 21:43:23',11904,3),(1,383,'2021-05-25 04:56:55','2021-06-06 18:18:38',604419,4),(1,384,'2021-05-25 04:56:55','2021-06-06 18:14:59',604200,4),(1,385,'2021-05-25 04:56:55','2021-06-06 18:21:04',604565,4),(1,386,'2021-05-25 04:56:55','2021-06-06 18:07:24',603745,4),(1,388,'2021-05-25 04:56:56','2021-06-06 18:19:07',604448,4),(1,389,'2021-05-25 04:56:56','2021-06-06 18:21:14',604575,4),(1,390,'2021-05-25 04:56:56','2021-06-06 18:22:42',604663,4),(1,391,'2021-05-25 04:56:56','2021-06-06 18:13:08',604089,4),(1,392,'2021-05-25 04:56:57','2021-06-06 18:12:14',604035,4),(1,393,'2021-05-25 04:58:11','2021-06-06 18:06:39',603700,4),(1,394,'2021-05-25 04:58:11','2021-05-30 21:43:07',11888,3),(1,395,'2021-05-25 04:58:12','2021-05-30 21:43:15',11896,3),(1,396,'2021-05-25 04:58:12','2021-05-30 21:42:40',11861,3),(1,397,'2021-05-25 04:58:12','2021-06-06 18:22:15',604636,4),(1,398,'2021-05-25 04:58:15','2021-06-06 18:12:58',604079,4),(1,399,'2021-05-25 04:58:15','2021-06-06 18:06:17',603678,4),(1,468,'2021-05-28 04:41:20','2021-05-29 14:34:11',-100248,2),(1,469,'2021-05-28 04:41:20','2021-05-29 14:34:23',-100236,2),(1,470,'2021-05-28 04:41:20','2021-05-29 14:31:59',-100380,2),(1,471,'2021-05-28 04:41:20','2021-05-29 14:34:05',-100254,2),(1,472,'2021-05-28 04:41:21','2021-05-29 14:32:32',-100347,2),(1,473,'2021-05-28 04:41:21','2021-05-29 14:32:16',-100363,2),(1,475,'2021-05-28 04:41:21','2021-05-29 14:33:23',-100296,2),(1,476,'2021-05-28 04:41:22','2021-05-29 14:32:42',-100337,2),(1,477,'2021-05-28 04:41:22','2021-05-29 14:33:34',-100285,2);
/*!40000 ALTER TABLE `interval_words` ENABLE KEYS */;
UNLOCK TABLES;

--
-- Table structure for table `learned_words`
--

DROP TABLE IF EXISTS `learned_words`;
/*!40101 SET @saved_cs_client     = @@character_set_client */;
/*!40101 SET character_set_client = utf8 */;
CREATE TABLE `learned_words` (
  `user_id` int(11) NOT NULL,
  `word_id` int(11) NOT NULL,
  `addition_time` datetime NOT NULL,
  PRIMARY KEY (`user_id`,`word_id`),
  KEY `word_id` (`word_id`),
  CONSTRAINT `learned_words_ibfk_1` FOREIGN KEY (`user_id`) REFERENCES `user` (`id`),
  CONSTRAINT `learned_words_ibfk_2` FOREIGN KEY (`word_id`) REFERENCES `vocabulary` (`id`)
) ENGINE=InnoDB DEFAULT CHARSET=utf8mb4 COLLATE=utf8mb4_unicode_ci;
/*!40101 SET character_set_client = @saved_cs_client */;

--
-- Dumping data for table `learned_words`
--

LOCK TABLES `learned_words` WRITE;
/*!40000 ALTER TABLE `learned_words` DISABLE KEYS */;
INSERT INTO `learned_words` VALUES (1,1,'2020-12-19 17:20:44'),(1,7,'2021-05-17 10:57:34'),(1,8,'2021-05-30 18:04:50'),(1,11,'2021-05-30 18:04:50'),(1,14,'2021-05-30 18:04:50'),(1,15,'2021-05-30 18:04:50'),(1,17,'2021-05-17 10:57:34'),(1,21,'2021-05-18 14:28:32'),(1,23,'2021-05-30 18:04:50'),(1,33,'2021-05-18 14:28:32'),(1,36,'2021-05-17 10:57:34'),(1,38,'2021-05-30 18:04:50'),(1,39,'2021-05-17 10:57:34'),(1,40,'2021-05-30 18:04:50'),(1,41,'2021-03-14 20:29:17'),(1,44,'2021-05-17 10:57:34'),(1,45,'2021-05-30 18:04:50'),(1,47,'2021-05-30 18:04:50'),(1,50,'2021-05-17 10:57:34'),(1,51,'2021-05-30 18:04:50'),(1,52,'2021-05-30 18:04:50'),(1,57,'2021-05-17 10:57:34'),(1,61,'2021-05-18 14:28:32'),(1,62,'2021-05-18 14:28:32'),(1,63,'2021-05-30 18:04:50'),(1,64,'2021-05-30 18:04:50'),(1,67,'2021-05-17 10:57:34'),(1,72,'2021-05-30 18:04:50'),(1,73,'2021-05-30 18:04:50'),(1,74,'2021-05-30 18:04:50'),(1,80,'2021-05-17 10:57:34'),(1,82,'2021-05-18 14:28:32'),(1,85,'2021-05-30 18:04:50'),(1,86,'2021-05-17 10:57:34'),(1,89,'2021-05-30 18:04:50'),(1,91,'2021-05-30 18:04:50'),(1,93,'2021-05-30 18:04:50'),(1,94,'2021-05-30 18:04:50'),(1,96,'2021-05-18 14:28:32'),(1,97,'2021-05-30 18:04:50'),(1,105,'2021-03-30 14:31:45'),(1,106,'2021-05-18 14:28:32'),(1,108,'2021-05-30 18:04:50'),(1,110,'2021-05-17 10:57:34'),(1,111,'2021-05-30 18:04:50'),(1,113,'2021-05-18 14:28:32'),(1,114,'2021-05-30 18:04:50'),(1,118,'2021-05-30 18:04:50'),(1,122,'2021-05-30 18:04:50'),(1,123,'2021-05-18 14:28:32'),(1,125,'2021-05-30 18:04:50'),(1,132,'2021-05-30 18:04:50'),(1,134,'2021-05-30 18:04:50'),(1,135,'2021-05-30 18:04:50'),(1,137,'2021-05-30 18:04:50'),(1,138,'2021-05-30 18:04:50'),(1,145,'2021-05-30 18:04:50'),(1,147,'2021-05-30 18:04:50'),(2,1,'2020-12-13 18:56:31');
/*!40000 ALTER TABLE `learned_words` ENABLE KEYS */;
UNLOCK TABLES;

--
-- Table structure for table `phrase_verbs`
--

DROP TABLE IF EXISTS `phrase_verbs`;
/*!40101 SET @saved_cs_client     = @@character_set_client */;
/*!40101 SET character_set_client = utf8 */;
CREATE TABLE `phrase_verbs` (
  `id` int(11) NOT NULL AUTO_INCREMENT,
  `phrase_verb` varchar(60) NOT NULL,
  `translation` varchar(60) NOT NULL,
  PRIMARY KEY (`id`),
  UNIQUE KEY `phrase_verb` (`phrase_verb`),
  UNIQUE KEY `translation` (`translation`)
) ENGINE=InnoDB DEFAULT CHARSET=latin1;
/*!40101 SET character_set_client = @saved_cs_client */;

--
-- Dumping data for table `phrase_verbs`
--

LOCK TABLES `phrase_verbs` WRITE;
/*!40000 ALTER TABLE `phrase_verbs` DISABLE KEYS */;
/*!40000 ALTER TABLE `phrase_verbs` ENABLE KEYS */;
UNLOCK TABLES;

--
-- Table structure for table `role`
--

DROP TABLE IF EXISTS `role`;
/*!40101 SET @saved_cs_client     = @@character_set_client */;
/*!40101 SET character_set_client = utf8 */;
CREATE TABLE `role` (
  `id` int(11) NOT NULL AUTO_INCREMENT,
  `name` varchar(100) COLLATE utf8mb4_unicode_ci DEFAULT NULL,
  `description` varchar(255) COLLATE utf8mb4_unicode_ci DEFAULT NULL,
  PRIMARY KEY (`id`),
  UNIQUE KEY `name` (`name`)
) ENGINE=InnoDB AUTO_INCREMENT=7 DEFAULT CHARSET=utf8mb4 COLLATE=utf8mb4_unicode_ci;
/*!40101 SET character_set_client = @saved_cs_client */;

--
-- Dumping data for table `role`
--

LOCK TABLES `role` WRITE;
/*!40000 ALTER TABLE `role` DISABLE KEYS */;
INSERT INTO `role` VALUES (4,'student','Just learn English and worry nothing, may change email'),(5,'editor','allowed to correct the words-translations'),(6,'administrator','full access');
/*!40000 ALTER TABLE `role` ENABLE KEYS */;
UNLOCK TABLES;

--
-- Table structure for table `roles_users`
--

DROP TABLE IF EXISTS `roles_users`;
/*!40101 SET @saved_cs_client     = @@character_set_client */;
/*!40101 SET character_set_client = utf8 */;
CREATE TABLE `roles_users` (
  `user_id` int(11) DEFAULT NULL,
  `role_id` int(11) DEFAULT NULL,
  KEY `user_id` (`user_id`),
  KEY `role_id` (`role_id`),
  CONSTRAINT `roles_users_ibfk_1` FOREIGN KEY (`user_id`) REFERENCES `user` (`id`),
  CONSTRAINT `roles_users_ibfk_2` FOREIGN KEY (`role_id`) REFERENCES `role` (`id`)
) ENGINE=InnoDB DEFAULT CHARSET=utf8mb4 COLLATE=utf8mb4_unicode_ci;
/*!40101 SET character_set_client = @saved_cs_client */;

--
-- Dumping data for table `roles_users`
--

LOCK TABLES `roles_users` WRITE;
/*!40000 ALTER TABLE `roles_users` DISABLE KEYS */;
INSERT INTO `roles_users` VALUES (1,4),(1,6),(3,4),(4,4);
/*!40000 ALTER TABLE `roles_users` ENABLE KEYS */;
UNLOCK TABLES;

--
-- Table structure for table `user`
--

DROP TABLE IF EXISTS `user`;
/*!40101 SET @saved_cs_client     = @@character_set_client */;
/*!40101 SET character_set_client = utf8 */;
CREATE TABLE `user` (
  `id` int(11) NOT NULL AUTO_INCREMENT,
  `email` varchar(60) COLLATE utf8mb4_unicode_ci NOT NULL,
  `password` varchar(128) COLLATE utf8mb4_unicode_ci NOT NULL,
  `active` tinyint(1) DEFAULT NULL,
  PRIMARY KEY (`id`),
  UNIQUE KEY `email` (`email`)
) ENGINE=InnoDB AUTO_INCREMENT=5 DEFAULT CHARSET=utf8mb4 COLLATE=utf8mb4_unicode_ci;
/*!40101 SET character_set_client = @saved_cs_client */;

--
-- Dumping data for table `user`
--

LOCK TABLES `user` WRITE;
/*!40000 ALTER TABLE `user` DISABLE KEYS */;
INSERT INTO `user` VALUES (1,'dan2@mail.ru','$2b$12$JVSyUJlXV1cOgqFoWf8.n.6/OC/.Ot2p9PbvT3Xp/46V9LYWgRG9u',1),(2,'coder@mail.ru','$2b$12$fkojtr.FAwCJViOZQteZVe0Phh7InWumVgnm0In307kbKUxRe55Ba',1),(3,'new_user1@mail.ru','$2b$12$w6RRTGLRtLmir4C.Y2GRC.ge2iDzn8m6sIiiTPb71l38HSpQ/R1te',1),(4,'new_user2@mail.ru','$2b$12$2/DBru0rLLostO3pj8RpxesbiwZPdxv00uLYRPfCZUrIpzVg8i.D.',1);
/*!40000 ALTER TABLE `user` ENABLE KEYS */;
UNLOCK TABLES;

--
-- Table structure for table `vocabulary`
--

DROP TABLE IF EXISTS `vocabulary`;
/*!40101 SET @saved_cs_client     = @@character_set_client */;
/*!40101 SET character_set_client = utf8 */;
CREATE TABLE `vocabulary` (
  `id` int(11) NOT NULL AUTO_INCREMENT,
  `word` varchar(40) COLLATE utf8mb4_unicode_ci DEFAULT NULL,
  `translation` varchar(40) COLLATE utf8mb4_unicode_ci NOT NULL,
  PRIMARY KEY (`id`),
  UNIQUE KEY `word` (`word`)
) ENGINE=InnoDB AUTO_INCREMENT=478 DEFAULT CHARSET=utf8mb4 COLLATE=utf8mb4_unicode_ci;
/*!40101 SET character_set_client = @saved_cs_client */;

--
-- Dumping data for table `vocabulary`
--

LOCK TABLES `vocabulary` WRITE;
/*!40000 ALTER TABLE `vocabulary` DISABLE KEYS */;
INSERT INTO `vocabulary` VALUES (1,'custom','индивидуальный'),(3,'involve','содержит'),(4,'man','мужчина'),(7,'science','наука'),(8,'sugar','сахара'),(11,'nice','красивый'),(14,'to require','требовать'),(15,'a noon','полдень'),(17,'to examine','исследовать'),(21,'branch','ответвление'),(22,'to evolve','улучшаться'),(23,'separately','отдельно'),(24,'separate','отдельный'),(26,'conciling','примирение'),(27,'simultaneously','одновременно'),(29,'to refer','направить'),(30,'inherent','присущий'),(31,'facilities','станции'),(32,'facility','возможности'),(33,'occasionally','иногда'),(34,'discourage','отговаривать'),(36,'merge','слияние'),(37,'relying','полагаясь'),(38,'rather','скорее'),(39,'undoing','отмена'),(40,'coherent','Когерентный'),(41,'to permit','разрешить'),(42,'several','несколько'),(43,'contribution','вклад'),(44,'collaborate','совместно работать'),(45,'enormously','чрезвычайно'),(46,'among','между'),(47,'overall','общий'),(48,'behind','сзади'),(49,'scale','шкала'),(50,'introduction','вступление'),(51,'goal','цель'),(52,'reference','ссылка'),(53,'extensive','обширный'),(54,'peruse','читать'),(56,'mentioned','упомянутый'),(57,'wealth','богатство'),(59,'streamline','упростить'),(61,'explicitly','явно'),(62,'omission','замалчивание'),(63,'describe','описывать'),(64,'briefly','Кратко'),(67,'exhausetive','исчерпывающий'),(70,'occure','происходить'),(71,'prevent','предотвратить'),(72,'quote','ставку'),(73,'snapshot','снимок'),(74,'comprise','состоять из'),(75,'nest','вложить'),(76,'to precede','предшествовать'),(77,'release','предохранительный'),(78,'initial','начальный'),(79,'proceed','продолжать'),(80,'denote','сообщить'),(81,'respect','уважение'),(82,'tip','совет'),(84,'overlap','наложение'),(85,'apart','кроме'),(86,'regard','С уважением'),(89,'electrical','электрическое'),(90,'smoothly','замедленно'),(91,'approach','подход'),(92,'explicit','искренний'),(93,'effort','усилие'),(94,'complicated','сложный'),(95,'to maintain','поддерживать'),(96,'to implement','осуществлять'),(97,'polished','полированный'),(98,'drawback','недостаток'),(99,'credential','учетные данные'),(100,'realm','область'),(101,'influence','влияние'),(102,'sign','подпись'),(103,'provide','предоставлять'),(104,'configure','настраивать'),(105,'entirely','полностью'),(106,'to handle','обрабатывать'),(107,'granular','зернистый'),(108,'to achieve','достигать'),(109,'to retrieve','извлечь'),(110,'to supply','обеспечить'),(111,'to mitigate','смягчить'),(113,'accept','принимать'),(114,'to assign','присваивать'),(115,'to assume','предполагать'),(117,'to bear in mind','иметь ввиду'),(118,'a breach','нарушение'),(119,'certain','уверенный'),(120,'certainly','конечно'),(121,'circumstance','обстоятельство'),(122,'complexity','сложность'),(123,'completely','полностью'),(124,'to contribute','способствовать'),(125,'to appreciate','оценивать'),(127,'entity','сущность'),(128,'unambigous','однозначный'),(129,'expose','выставлять'),(130,'to fulfill','выполнить'),(131,'to further','продвигать'),(132,'prone','склонный'),(133,'obvious','очевидный'),(134,'to originate','создавать'),(135,'to appear','казаться'),(136,'to affect','влиять'),(137,'to appropriate','присвоить'),(138,'ultimately','в конечном итоге'),(139,'conclusion','заключение'),(140,'exhibit','выставлять'),(141,'to arise','возникать'),(142,'intact','неповрежденный'),(143,'conjuction','соединение'),(144,'to strive','прилагать усилия'),(145,'though','тем не менее'),(146,'unintentially','непреднамеренный'),(147,'within','внутри'),(148,'to leave up','обращаться'),(149,'along','вдоль'),(150,'therefore','следовательно'),(151,'redundant','избыточный'),(152,'to expose','выставлять'),(153,'to exhibit','выставлять'),(154,'unintentionally','непреднамеренно'),(155,'to expand','расширять'),(156,'advantage','преимущество'),(157,'demand','потребность'),(158,'to suggest','предложить'),(159,'to lounge','бездельничать'),(160,'to quench','утолять'),(161,'to lure','завлекать'),(162,'fabulous','сказочный'),(163,'gorgeous','роскошный'),(164,'tan','загар'),(165,'leisure','досуг'),(166,'layout','макет'),(167,'perhaps','может быть'),(168,'possibly','возможно'),(169,'probably','вероятно'),(170,'fortunately','к счастью'),(171,'unfortunately','к сожалению'),(172,'definitly','точно'),(173,'actually','на самом деле'),(174,'importance','важность'),(175,'to seek','стремиться'),(176,'conjugate','сопрягать'),(177,'approximately','приблизительно'),(178,'beforehand','заранее'),(179,'deliberately','умышленно'),(180,'frankly','откровенно'),(181,'gradually','постепенно'),(182,'incredibly','невероятно'),(183,'instantly','немедленно'),(184,'jointly','вместе'),(185,'nevertheless','тем не менее'),(186,'partly','частично'),(187,'precisely','определенно'),(188,'regardless','несмотря ни на что'),(189,'relatively','относительно'),(190,'slightly','немного'),(191,'utterly','крайне'),(194,'polite','вежливый'),(195,'adorable','милый'),(196,'embalished','украшен'),(197,'wardrobe','гардероб'),(198,'disease','болезнь'),(199,'symptom','симптом'),(200,'bleeding','кровотечение'),(201,'tiredness','усталость'),(202,'sneezing','чихание'),(203,'lightning','молния'),(204,'nerve','нерв'),(205,'elbow','локоть'),(206,'cramping pain','спазматическая боль'),(207,'cramp','спазм'),(208,'mild pain','слабая боль'),(209,'moderate pain','умеренная боль'),(210,'severe pain','сильная боль'),(211,'shooting pain','стреляющая боль'),(212,'tearing pain','раздирающая боль'),(214,'against','против'),(215,'relevant','соответствующий'),(216,'aware','осведомленный'),(217,'alternately','попеременно'),(218,'to get along','ладить'),(219,'goal-oriented','целенаправленный'),(220,'furthermore','более того'),(221,'competitive','конкурентный'),(222,'to jeopardize','подвергать опасности'),(223,'to prevail','преобладать'),(333,'renouncement','отказ'),(334,'refusing','отказ'),(335,'to spare','уделять'),(336,'regret','раскаяние '),(337,'pity','жалость'),(338,'remorse','сожаление'),(339,'sorrow','печаль'),(340,'the strongest fear','самый сильный страх'),(341,'to reach','достигать'),(342,'to receive a salary','получать зарплату'),(343,'stability','стабильность'),(344,'to afford','предоставлять'),(345,'tuition','обучение'),(346,'to abandon','оставлять'),(347,'to abash','смущать'),(348,'to adjust','приспосабливаться'),(349,'to adorn','украшать'),(350,'to aggregate','объединять'),(351,'to anticipate','предчувствовать'),(352,'to argue','заявлять'),(353,'to assert','утверждать'),(354,'to bethink','вспомнить'),(355,'to castigate','осуждать'),(356,'to condemn','осуждать'),(357,'to conduct','проводить'),(358,'to contaminate','загрязнять'),(359,'to dangle','качаться'),(360,'to delineate','описывать'),(361,'to deprecate','выступать против'),(362,'to deliver from','происходить из'),(363,'to detect','обнаруживать'),(364,'to deteriorate','ухудшать'),(365,'to determine','определять'),(366,'to disrobe','раздевать'),(367,'to diversity','разнообразить'),(368,'to efface','стирать'),(369,'to enchant','очаровывать'),(370,'to endorse','одобрить'),(371,'to exploit','использовать'),(372,'to feign','притворяться'),(373,'to fortify','усиливать'),(374,'to garnish','украшать'),(375,'to generate','порождать'),(376,'to haunt','часто посещать'),(377,'to impose','навязывать'),(378,'to innovate','вводить новшества'),(379,'to investigate','исследовать'),(380,'to invoke','вызывать'),(382,'to marshall','размещать'),(383,'to obtain','получать'),(384,'to permeate','преодолевать'),(385,'to perpetuate','увековечивать'),(386,'to plunge','погружаться'),(388,'to reduce','сокращать'),(389,'to reiterate','повторять'),(390,'to remonstrate','возражать'),(391,'to scrutinize','изучать'),(392,'to separate','разделять'),(393,'to succumb','погибать'),(394,'to suppress','подавлять'),(395,'to testify','заявлять'),(396,'to undertake','предпринимать'),(397,'to weave','сплетаться'),(398,'to thought ','думать'),(399,'through ','через'),(468,'tough','сложный'),(469,'chicken pox','ветрянка'),(470,'volunteer','доброволец'),(471,'originate','происходить'),(472,'handwriting','почерк'),(473,'to tiptoe','ходить на цыпочках'),(475,'brazenly','нагло'),(476,'to steal','украсть'),(477,'to chase','преследовать');
/*!40000 ALTER TABLE `vocabulary` ENABLE KEYS */;
UNLOCK TABLES;

--
-- Table structure for table `words`
--

DROP TABLE IF EXISTS `words`;
/*!40101 SET @saved_cs_client     = @@character_set_client */;
/*!40101 SET character_set_client = utf8 */;
CREATE TABLE `words` (
  `user_id` int(11) NOT NULL,
  `word_id` int(11) NOT NULL,
  `addition_time` datetime NOT NULL,
  PRIMARY KEY (`user_id`,`word_id`),
  KEY `word_id` (`word_id`),
  CONSTRAINT `words_ibfk_1` FOREIGN KEY (`user_id`) REFERENCES `user` (`id`),
  CONSTRAINT `words_ibfk_2` FOREIGN KEY (`word_id`) REFERENCES `vocabulary` (`id`)
) ENGINE=InnoDB DEFAULT CHARSET=utf8mb4 COLLATE=utf8mb4_unicode_ci;
/*!40101 SET character_set_client = @saved_cs_client */;

--
-- Dumping data for table `words`
--

LOCK TABLES `words` WRITE;
/*!40000 ALTER TABLE `words` DISABLE KEYS */;
INSERT INTO `words` VALUES (1,1,'2021-02-26 09:30:56'),(1,3,'2021-02-27 09:39:20'),(1,51,'2021-03-13 16:28:56'),(1,121,'2021-02-28 10:27:51'),(1,182,'2021-02-22 18:46:26'),(1,200,'2021-03-07 20:00:18'),(1,223,'2021-05-23 13:20:28'),(1,374,'2021-05-23 13:20:28');
/*!40000 ALTER TABLE `words` ENABLE KEYS */;
UNLOCK TABLES;
/*!40103 SET TIME_ZONE=@OLD_TIME_ZONE */;

/*!40101 SET SQL_MODE=@OLD_SQL_MODE */;
/*!40014 SET FOREIGN_KEY_CHECKS=@OLD_FOREIGN_KEY_CHECKS */;
/*!40014 SET UNIQUE_CHECKS=@OLD_UNIQUE_CHECKS */;
/*!40101 SET CHARACTER_SET_CLIENT=@OLD_CHARACTER_SET_CLIENT */;
/*!40101 SET CHARACTER_SET_RESULTS=@OLD_CHARACTER_SET_RESULTS */;
/*!40101 SET COLLATION_CONNECTION=@OLD_COLLATION_CONNECTION */;
/*!40111 SET SQL_NOTES=@OLD_SQL_NOTES */;

-- Dump completed on 2021-05-30 21:00:41
