-- MySQL dump 10.13  Distrib 5.7.35, for Linux (x86_64)
--
-- Host: localhost    Database: my_project
-- ------------------------------------------------------
-- Server version	5.7.35-0ubuntu0.18.04.1

/*!40101 SET @OLD_CHARACTER_SET_CLIENT=@@CHARACTER_SET_CLIENT */;
/*!40101 SET @OLD_CHARACTER_SET_RESULTS=@@CHARACTER_SET_RESULTS */;
/*!40101 SET @OLD_COLLATION_CONNECTION=@@COLLATION_CONNECTION */;
/*!40101 SET NAMES utf8 */;
/*!40103 SET @OLD_TIME_ZONE=@@TIME_ZONE */;
/*!40103 SET TIME_ZONE='+00:00' */;
/*!40014 SET @OLD_UNIQUE_CHECKS=@@UNIQUE_CHECKS, UNIQUE_CHECKS=0 */;
/*!40014 SET @OLD_FOREIGN_KEY_CHECKS=@@FOREIGN_KEY_CHECKS, FOREIGN_KEY_CHECKS=0 */;
/*!40101 SET @OLD_SQL_MODE=@@SQL_MODE, SQL_MODE='NO_AUTO_VALUE_ON_ZERO' */;
/*!40111 SET @OLD_SQL_NOTES=@@SQL_NOTES, SQL_NOTES=0 */;

--
-- Table structure for table `alembic_version`
--

DROP TABLE IF EXISTS `alembic_version`;
/*!40101 SET @saved_cs_client     = @@character_set_client */;
/*!40101 SET character_set_client = utf8 */;
CREATE TABLE `alembic_version` (
  `version_num` varchar(32) COLLATE utf8mb4_unicode_ci NOT NULL,
  PRIMARY KEY (`version_num`)
) ENGINE=InnoDB DEFAULT CHARSET=utf8mb4 COLLATE=utf8mb4_unicode_ci;
/*!40101 SET character_set_client = @saved_cs_client */;

--
-- Dumping data for table `alembic_version`
--

LOCK TABLES `alembic_version` WRITE;
/*!40000 ALTER TABLE `alembic_version` DISABLE KEYS */;
INSERT INTO `alembic_version` VALUES ('e86e5f65a5a3');
/*!40000 ALTER TABLE `alembic_version` ENABLE KEYS */;
UNLOCK TABLES;

--
-- Table structure for table `interval_phrasal_verbs`
--

DROP TABLE IF EXISTS `interval_phrasal_verbs`;
/*!40101 SET @saved_cs_client     = @@character_set_client */;
/*!40101 SET character_set_client = utf8 */;
CREATE TABLE `interval_phrasal_verbs` (
  `user_id` int(11) NOT NULL,
  `word_id` int(11) NOT NULL,
  `addition_time` datetime NOT NULL,
  `repeating_time` datetime DEFAULT NULL,
  `time_to_repeat` int(11) DEFAULT NULL,
  `status` int(11) DEFAULT NULL,
  PRIMARY KEY (`user_id`,`word_id`),
  KEY `word_id` (`word_id`),
  CONSTRAINT `interval_phrasal_verbs_ibfk_1` FOREIGN KEY (`user_id`) REFERENCES `user` (`id`),
  CONSTRAINT `interval_phrasal_verbs_ibfk_2` FOREIGN KEY (`word_id`) REFERENCES `phrasal_verbs_vocabulary` (`id`)
) ENGINE=InnoDB DEFAULT CHARSET=latin1;
/*!40101 SET character_set_client = @saved_cs_client */;

--
-- Dumping data for table `interval_phrasal_verbs`
--

LOCK TABLES `interval_phrasal_verbs` WRITE;
/*!40000 ALTER TABLE `interval_phrasal_verbs` DISABLE KEYS */;
INSERT INTO `interval_phrasal_verbs` VALUES (1,110,'2021-07-04 08:05:05','2021-09-01 10:59:41',259142,6),(1,111,'2021-07-04 08:06:40','2021-09-01 10:59:47',259148,6),(1,112,'2021-06-27 17:37:11','2021-09-01 07:46:07',247528,6),(1,113,'2021-07-04 08:06:53','2021-09-01 07:46:14',247535,6),(1,114,'2021-07-04 08:07:01','2021-09-01 10:59:36',259137,6),(1,115,'2021-06-27 17:33:33','2021-09-01 07:46:42',247563,6),(1,116,'2021-07-13 06:53:54','2021-09-08 10:29:48',862149,6),(1,117,'2021-07-03 17:35:11','2021-08-31 07:59:29',161930,5),(1,118,'2021-07-13 06:53:54','2021-09-08 10:28:11',862052,6),(1,119,'2021-07-04 08:07:51','2021-08-31 07:57:48',161829,5),(1,120,'2021-07-13 06:53:54','2021-09-08 10:29:03',862104,6),(1,121,'2021-07-04 08:08:04','2021-08-31 07:56:25',161746,5),(1,122,'2021-07-13 06:53:54','2021-09-08 10:29:27',862128,6),(1,123,'2021-07-04 08:11:01','2021-09-01 10:59:02',259103,6),(1,124,'2021-07-04 08:11:16','2021-09-01 10:59:31',259132,6),(1,127,'2021-07-13 06:53:54','2021-09-08 10:28:24',862065,6),(1,128,'2021-07-13 06:53:54','2021-09-08 10:27:59',862040,6),(1,129,'2021-07-13 06:53:54','2021-09-08 10:29:33',862134,6),(1,130,'2021-07-13 06:53:54','2021-09-08 10:28:19',862060,6),(1,131,'2021-07-13 06:53:54','2021-09-08 10:29:42',862143,6),(1,143,'2021-07-13 06:53:54','2021-09-08 10:29:11',862112,6),(1,146,'2021-07-13 06:53:54','2021-09-08 10:28:05',862046,6),(1,147,'2021-07-13 06:53:54','2021-08-31 08:00:23',161984,5),(1,148,'2021-07-13 06:53:54','2021-09-08 10:26:57',861978,6),(1,149,'2021-07-13 06:53:54','2021-09-01 08:50:32',251393,5),(1,150,'2021-07-13 06:53:54','2021-09-08 10:27:42',862023,6),(1,152,'2021-07-13 06:53:54','2021-09-08 10:27:30',862011,6),(1,153,'2021-07-13 06:53:54','2021-09-08 10:27:02',861983,6),(1,154,'2021-07-13 06:53:54','2021-09-08 10:26:21',861942,6),(1,155,'2021-07-25 16:20:47','2021-09-01 08:47:55',251236,5),(1,156,'2021-07-25 16:20:47','2021-08-31 07:59:53',161954,5),(1,157,'2021-07-25 16:20:47','2021-09-01 08:47:32',251213,5),(1,158,'2021-07-25 16:20:47','2021-08-31 07:59:01',161902,5),(1,159,'2021-07-25 16:20:47','2021-08-31 07:52:03',161484,5),(1,160,'2021-07-25 16:20:47','2021-08-31 07:52:11',161492,5),(1,161,'2021-07-25 16:20:47','2021-08-31 08:01:10',162031,5),(1,162,'2021-07-25 16:20:47','2021-09-01 08:51:30',251451,5),(1,163,'2021-07-25 16:20:47','2021-08-31 11:42:38',175319,5),(1,164,'2021-07-25 16:20:47','2021-09-01 08:50:09',251370,5),(1,165,'2021-07-25 16:20:47','2021-08-31 07:53:28',161569,5),(1,166,'2021-07-25 16:20:47','2021-09-01 08:49:09',251310,5),(1,167,'2021-07-25 16:20:47','2021-08-31 07:57:43',161824,5),(1,168,'2021-07-25 16:20:47','2021-08-31 07:59:09',161910,5),(1,169,'2021-07-25 16:20:47','2021-08-31 11:42:45',175326,5),(1,170,'2021-08-06 11:04:50','2021-09-03 20:57:45',467826,5),(1,171,'2021-08-02 11:23:20','2021-09-02 07:44:23',333824,5),(1,172,'2021-08-06 11:04:50','2021-09-03 20:59:04',467905,5),(1,173,'2021-07-27 11:44:32','2021-08-31 07:52:18',161499,5),(1,177,'2021-08-02 11:29:20','2021-09-02 07:41:57',333678,5),(1,179,'2021-08-02 11:29:20','2021-09-02 07:42:03',333684,5),(1,180,'2021-08-02 11:23:20','2021-09-02 07:42:44',333725,5),(1,181,'2021-08-02 11:29:20','2021-09-02 07:42:50',333731,5),(1,182,'2021-08-02 11:29:20','2021-09-02 07:44:33',333834,5),(1,183,'2021-07-27 11:44:32','2021-09-01 08:48:12',251253,5),(1,184,'2021-08-02 11:29:20','2021-09-01 08:46:53',251174,5),(1,185,'2021-08-06 11:04:50','2021-09-03 20:56:26',467747,5),(1,186,'2021-08-06 11:04:50','2021-09-03 20:56:45',467766,5),(1,187,'2021-08-02 11:23:20','2021-09-02 07:44:37',333838,5),(1,188,'2021-08-02 11:29:20','2021-09-02 07:43:02',333743,5),(1,189,'2021-08-02 11:29:20','2021-09-02 07:44:27',333828,5),(1,192,'2021-07-27 11:44:32','2021-08-31 08:00:50',162011,5),(1,193,'2021-08-06 11:04:50','2021-09-03 20:58:52',467893,5),(1,194,'2021-08-02 11:23:20','2021-09-02 07:42:25',333706,5),(1,195,'2021-08-02 11:23:20','2021-09-02 07:43:56',333797,5),(1,196,'2021-08-06 11:04:50','2021-09-03 20:57:14',467795,5),(1,197,'2021-07-27 11:44:32','2021-08-31 07:54:50',161651,5),(1,198,'2021-07-27 11:44:32','2021-08-31 07:59:20',161921,5),(1,199,'2021-07-27 11:44:32','2021-09-01 08:45:46',251107,5),(1,200,'2021-08-06 11:04:50','2021-09-02 07:44:11',333812,5),(1,201,'2021-07-27 11:44:32','2021-08-31 07:55:01',161662,5),(1,202,'2021-07-27 11:44:32','2021-09-01 08:49:46',251347,5),(1,203,'2021-07-27 11:44:32','2021-08-31 07:58:46',161887,5),(1,204,'2021-08-06 11:04:50','2021-09-03 20:56:56',467777,5),(1,205,'2021-08-02 11:23:20','2021-09-02 07:41:48',333669,5),(1,206,'2021-08-02 11:23:20','2021-09-02 07:42:30',333711,5),(1,207,'2021-07-27 11:44:32','2021-08-31 07:53:35',161576,5),(1,230,'2021-08-17 08:12:38','2021-08-30 13:02:02',93683,4),(1,236,'2021-08-20 13:33:08','2021-09-05 10:49:23',604124,4),(1,258,'2021-08-08 15:20:36','2021-09-04 16:29:14',538115,5),(1,259,'2021-08-12 06:14:01','2021-09-09 20:28:58',984499,5),(1,260,'2021-08-14 16:33:25','2021-09-13 10:58:48',1295889,5),(1,262,'2021-08-14 16:33:25','2021-09-13 10:55:41',1295702,5),(1,274,'2021-08-07 16:58:47','2021-09-04 16:26:48',537969,5),(1,275,'2021-08-08 15:20:36','2021-09-04 16:29:27',538128,5),(1,276,'2021-08-08 15:20:36','2021-09-04 16:25:02',537863,5),(1,277,'2021-08-08 15:20:36','2021-09-04 16:27:53',538034,5),(1,278,'2021-08-10 01:37:38','2021-09-06 12:15:08',695669,5),(1,279,'2021-08-07 16:58:47','2021-09-04 16:28:30',538071,5),(1,280,'2021-08-12 06:14:01','2021-09-09 20:30:14',984575,5),(1,281,'2021-08-17 08:12:38','2021-08-30 13:00:27',93588,4),(1,282,'2021-08-20 13:33:08','2021-09-05 10:47:33',604014,4),(1,283,'2021-08-07 16:58:47','2021-09-04 16:25:11',537872,5),(1,284,'2021-08-08 15:20:36','2021-09-04 16:25:35',537896,5),(1,285,'2021-08-14 16:33:25','2021-09-13 11:00:28',1295989,5),(1,289,'2021-08-08 15:20:36','2021-09-04 16:25:46',537907,5),(1,290,'2021-08-07 16:58:47','2021-09-04 16:29:06',538107,5),(1,292,'2021-08-07 16:58:47','2021-09-04 16:25:27',537888,5),(1,303,'2021-08-20 13:33:08','2021-09-05 10:49:19',604120,4),(1,304,'2021-08-10 01:37:38','2021-09-06 12:15:42',695703,5),(1,305,'2021-08-20 13:33:08','2021-09-05 11:00:37',604798,4),(1,306,'2021-08-10 01:37:38','2021-09-06 12:15:50',695711,5),(1,307,'2021-08-07 16:58:47','2021-09-04 16:28:05',538046,5),(1,308,'2021-08-07 16:58:47','2021-09-04 16:24:16',537817,5),(1,309,'2021-08-17 08:12:38','2021-08-30 12:55:43',93304,4),(1,310,'2021-08-12 06:14:01','2021-09-09 20:36:59',984980,5),(1,311,'2021-08-14 16:33:25','2021-09-13 10:50:03',1295364,5),(1,312,'2021-08-08 15:20:36','2021-09-04 16:29:33',538134,5),(1,313,'2021-08-10 01:37:38','2021-09-06 12:15:37',695698,5),(1,314,'2021-08-08 15:20:36','2021-09-04 16:23:41',537782,5),(1,315,'2021-08-08 15:20:36','2021-09-04 16:29:00',538101,5),(1,316,'2021-08-08 15:20:36','2021-09-04 16:28:51',538092,5),(1,317,'2021-08-12 06:14:01','2021-09-09 20:33:29',984770,5),(1,318,'2021-08-14 16:33:25','2021-09-13 10:47:44',1295225,5),(1,319,'2021-08-17 08:12:38','2021-08-30 13:00:18',93579,4),(1,320,'2021-08-17 08:12:38','2021-08-30 12:58:49',93490,4),(1,321,'2021-08-10 01:37:38','2021-09-06 12:15:56',695717,5),(1,322,'2021-08-12 06:14:01','2021-09-09 20:37:17',984998,5),(1,323,'2021-08-10 01:37:38','2021-09-06 12:16:11',695732,5),(1,324,'2021-08-12 06:14:01','2021-09-09 20:29:46',984547,5),(1,325,'2021-08-10 01:37:38','2021-09-06 12:14:05',695606,5),(1,326,'2021-08-10 01:37:38','2021-09-06 12:14:56',695657,5),(1,328,'2021-08-17 08:12:38','2021-08-30 12:53:57',93198,4),(1,329,'2021-08-14 16:33:25','2021-09-13 10:46:21',1295142,5),(1,330,'2021-08-12 06:14:01','2021-09-09 20:35:13',984874,5),(1,331,'2021-08-14 16:33:26','2021-09-13 10:59:36',1295937,5),(1,332,'2021-08-17 08:12:37','2021-08-30 12:56:27',93348,4),(1,333,'2021-08-14 16:33:26','2021-09-13 10:56:39',1295760,5),(1,334,'2021-08-20 13:33:08','2021-09-05 10:46:32',603953,4),(1,335,'2021-08-14 16:33:25','2021-09-13 10:37:13',1294594,5),(1,336,'2021-08-17 08:12:37','2021-08-30 13:00:11',93572,4),(1,337,'2021-08-12 06:14:01','2021-09-09 20:35:48',984909,5),(1,338,'2021-08-10 01:37:38','2021-09-06 12:15:03',695664,5),(1,339,'2021-08-20 13:33:08','2021-09-05 10:55:56',604517,4),(1,340,'2021-08-12 06:14:01','2021-09-09 20:33:21',984762,5),(1,341,'2021-08-17 08:12:38','2021-08-30 12:57:50',93431,4),(1,342,'2021-08-12 06:14:01','2021-09-09 20:29:23',984524,5),(1,343,'2021-08-14 16:33:25','2021-09-13 10:55:46',1295707,5),(1,344,'2021-08-20 13:33:08','2021-09-05 10:50:11',604172,4),(1,345,'2021-08-20 13:33:08','2021-09-05 10:59:44',604745,4),(1,346,'2021-08-20 13:33:08','2021-09-05 10:56:47',604568,4),(1,347,'2021-08-24 17:14:46','2021-09-01 10:56:32',258953,3),(1,353,'2021-08-24 17:14:46','2021-09-01 10:57:52',259033,3),(1,359,'2021-08-24 17:14:47','2021-09-01 10:47:20',258401,3),(1,361,'2021-08-24 17:14:47','2021-09-01 10:46:50',258371,3),(1,363,'2021-08-24 17:14:47','2021-09-01 10:59:29',259130,3),(1,369,'2021-08-24 17:14:47','2021-09-01 10:47:25',258406,3),(1,370,'2021-08-24 17:14:47','2021-09-01 10:58:55',259096,3),(1,371,'2021-08-24 17:14:46','2021-09-01 10:55:34',258895,3),(1,377,'2021-08-24 17:14:46','2021-09-01 11:00:22',259183,3),(1,381,'2021-08-24 17:14:47','2021-09-01 10:59:52',259153,3);
/*!40000 ALTER TABLE `interval_phrasal_verbs` ENABLE KEYS */;
UNLOCK TABLES;

--
-- Table structure for table `interval_words`
--

DROP TABLE IF EXISTS `interval_words`;
/*!40101 SET @saved_cs_client     = @@character_set_client */;
/*!40101 SET character_set_client = utf8 */;
CREATE TABLE `interval_words` (
  `user_id` int(11) NOT NULL,
  `word_id` int(11) NOT NULL,
  `addition_time` datetime NOT NULL,
  `repeating_time` datetime DEFAULT NULL,
  `time_to_repeat` int(11) DEFAULT NULL,
  `status` int(11) DEFAULT NULL,
  PRIMARY KEY (`user_id`,`word_id`),
  KEY `word_id` (`word_id`),
  CONSTRAINT `interval_words_ibfk_1` FOREIGN KEY (`user_id`) REFERENCES `user` (`id`),
  CONSTRAINT `interval_words_ibfk_2` FOREIGN KEY (`word_id`) REFERENCES `vocabulary` (`id`)
) ENGINE=InnoDB DEFAULT CHARSET=utf8mb4 COLLATE=utf8mb4_unicode_ci;
/*!40101 SET character_set_client = @saved_cs_client */;

--
-- Dumping data for table `interval_words`
--

LOCK TABLES `interval_words` WRITE;
/*!40000 ALTER TABLE `interval_words` DISABLE KEYS */;
INSERT INTO `interval_words` VALUES (1,1,'2021-07-18 06:11:14','2021-09-17 07:50:07',1630158,6),(1,24,'2021-08-12 19:43:20','2021-09-09 20:24:29',984220,5),(1,75,'2021-08-12 19:43:20','2021-09-09 20:24:13',984204,5),(1,76,'2021-08-12 19:43:38','2021-09-09 20:42:34',985305,5),(1,77,'2021-08-12 19:43:20','2021-09-09 20:40:09',985160,5),(1,78,'2021-08-12 19:43:38','2021-09-09 20:24:38',984229,5),(1,100,'2021-08-12 19:43:20','2021-09-09 20:40:13',985164,5),(1,101,'2021-08-12 19:43:38','2021-09-09 20:23:00',984131,5),(1,102,'2021-08-16 04:48:58','2021-08-29 14:36:40',12951,1),(1,103,'2021-08-16 04:48:58','2021-08-29 14:36:40',12951,1),(1,114,'2021-06-10 11:43:17','2021-10-07 11:14:28',3370419,7),(1,145,'2021-06-01 10:03:32','2021-10-01 06:20:33',2834384,7),(1,146,'2021-08-12 19:43:38','2021-09-09 20:23:07',984138,5),(1,176,'2021-08-20 13:30:42','2021-08-29 14:36:40',12951,1),(1,189,'2021-08-12 19:43:38','2021-09-09 20:24:03',984194,5),(1,217,'2021-04-18 16:28:18','2021-09-08 09:27:26',858397,7),(1,218,'2021-08-12 19:43:20','2021-09-09 20:23:25',984156,5),(1,219,'2021-08-16 04:48:58','2021-08-29 14:36:40',12951,1),(1,220,'2021-08-12 19:43:38','2021-09-09 20:39:28',985119,5),(1,221,'2021-06-01 10:03:34','2021-10-01 06:19:16',2834307,7),(1,222,'2021-05-18 11:36:16','2021-09-12 20:06:26',1242337,7),(1,223,'2021-05-18 11:36:35','2021-09-12 20:06:39',1242350,7),(1,333,'2021-05-18 13:54:18','2021-09-12 20:05:06',1242257,7),(1,334,'2021-05-18 13:54:18','2021-09-12 20:05:12',1242263,7),(1,335,'2021-05-18 13:54:19','2021-09-12 20:04:27',1242218,7),(1,336,'2021-05-18 13:54:19','2021-09-12 20:04:42',1242233,7),(1,337,'2021-05-18 13:54:19','2021-09-12 20:07:32',1242403,7),(1,338,'2021-05-18 13:54:19','2021-09-12 20:06:06',1242317,7),(1,339,'2021-05-18 13:54:19','2021-09-12 20:03:38',1242169,7),(1,340,'2021-05-18 13:54:19','2021-09-12 20:07:14',1242385,7),(1,341,'2021-05-18 13:54:20','2021-09-12 20:03:50',1242181,7),(1,342,'2021-05-18 13:54:20','2021-09-12 20:06:19',1242330,7),(1,343,'2021-05-18 13:58:35','2021-09-12 20:04:34',1242225,7),(1,344,'2021-05-18 13:58:35','2021-09-12 20:07:45',1242416,7),(1,345,'2021-05-18 13:58:35','2021-09-12 20:03:54',1242185,7),(1,346,'2021-05-18 13:58:35','2021-09-12 20:06:11',1242322,7),(1,347,'2021-05-18 13:58:35','2021-09-12 20:07:39',1242410,7),(1,348,'2021-05-18 13:58:35','2021-09-12 20:03:45',1242176,7),(1,349,'2021-05-18 13:58:36','2021-09-12 20:04:22',1242213,7),(1,350,'2021-05-18 13:58:36','2021-09-12 20:04:54',1242245,7),(1,351,'2021-05-18 13:58:36','2021-09-12 20:07:27',1242398,7),(1,352,'2021-05-18 13:58:36','2021-09-12 20:07:53',1242424,7),(1,353,'2021-05-20 17:51:53','2021-09-19 20:54:10',1850001,7),(1,354,'2021-05-20 17:51:53','2021-09-19 20:58:33',1850264,7),(1,355,'2021-05-20 17:51:53','2021-09-19 20:55:17',1850068,7),(1,356,'2021-05-20 17:51:54','2021-09-19 20:59:47',1850338,7),(1,357,'2021-05-20 17:51:54','2021-09-15 11:11:43',1469454,7),(1,358,'2021-05-20 17:51:54','2021-09-19 20:54:48',1850039,7),(1,359,'2021-05-20 17:51:55','2021-09-19 20:51:19',1849830,7),(1,360,'2021-05-20 17:51:55','2021-09-15 11:12:48',1469519,7),(1,361,'2021-05-20 17:51:55','2021-09-19 20:57:25',1850196,7),(1,362,'2021-05-20 17:51:55','2021-09-15 11:12:54',1469525,7),(1,363,'2021-05-20 17:52:38','2021-09-19 20:53:30',1849961,7),(1,364,'2021-05-20 17:52:38','2021-09-19 20:57:44',1850215,7),(1,365,'2021-05-20 17:52:38','2021-09-15 11:13:48',1469579,7),(1,366,'2021-05-20 17:52:39','2021-09-15 11:13:06',1469537,7),(1,367,'2021-05-20 17:52:39','2021-09-19 20:51:07',1849818,7),(1,368,'2021-05-20 17:52:39','2021-09-19 20:49:24',1849715,7),(1,369,'2021-05-20 17:52:40','2021-09-15 11:12:43',1469514,7),(1,370,'2021-05-20 17:52:40','2021-09-19 20:53:45',1849976,7),(1,371,'2021-05-20 17:52:40','2021-09-19 20:47:45',1849616,7),(1,372,'2021-05-20 17:52:40','2021-09-15 11:12:30',1469501,7),(1,373,'2021-05-22 19:29:53','2021-09-19 20:47:21',1849592,7),(1,374,'2021-05-22 19:29:54','2021-09-19 20:55:36',1850087,7),(1,375,'2021-05-22 19:29:54','2021-09-19 20:52:23',1849894,7),(1,376,'2021-05-22 19:29:54','2021-09-19 20:49:57',1849748,7),(1,377,'2021-05-22 19:29:54','2021-09-19 20:55:42',1850093,7),(1,378,'2021-05-22 19:29:55','2021-09-19 20:48:02',1849633,7),(1,379,'2021-05-22 19:29:55','2021-09-19 20:58:53',1850284,7),(1,380,'2021-05-22 19:29:55','2021-09-19 20:47:37',1849608,7),(1,382,'2021-05-25 04:56:55','2021-09-21 14:36:52',2000163,7),(1,383,'2021-05-25 04:56:55','2021-09-21 14:38:01',2000232,7),(1,384,'2021-05-25 04:56:55','2021-09-21 14:39:48',2000339,7),(1,385,'2021-05-25 04:56:55','2021-09-21 14:36:29',2000140,7),(1,386,'2021-05-25 04:56:55','2021-09-21 14:39:11',2000302,7),(1,388,'2021-05-25 04:56:56','2021-09-23 10:17:12',2157383,6),(1,389,'2021-05-25 04:56:56','2021-09-21 14:39:15',2000306,7),(1,390,'2021-05-25 04:56:56','2021-09-21 14:39:32',2000323,7),(1,391,'2021-05-25 04:56:56','2021-09-21 14:38:26',2000257,7),(1,392,'2021-05-25 04:56:57','2021-09-21 14:38:08',2000239,7),(1,393,'2021-05-25 04:58:11','2021-09-21 14:38:21',2000252,7),(1,394,'2021-05-25 04:58:11','2021-09-21 14:39:22',2000313,7),(1,395,'2021-05-25 04:58:12','2021-09-21 14:40:11',2000362,7),(1,396,'2021-05-25 04:58:12','2021-09-21 14:36:45',2000156,7),(1,397,'2021-05-25 04:58:12','2021-09-21 14:39:06',2000297,7),(1,398,'2021-05-25 04:58:15','2021-09-21 14:39:39',2000330,7),(1,399,'2021-05-25 04:58:15','2021-09-21 14:39:26',2000317,7),(1,468,'2021-05-28 04:41:20','2021-09-24 14:17:09',2258180,7),(1,469,'2021-05-28 04:41:20','2021-09-24 14:16:42',2258153,7),(1,470,'2021-05-28 04:41:20','2021-09-24 14:16:48',2258159,7),(1,471,'2021-05-28 04:41:20','2021-09-24 14:16:36',2258147,7),(1,472,'2021-05-28 04:41:21','2021-09-24 14:16:26',2258137,7),(1,473,'2021-05-28 04:41:21','2021-09-24 14:16:08',2258119,7),(1,475,'2021-05-28 04:41:21','2021-09-24 14:16:52',2258163,7),(1,476,'2021-05-28 04:41:22','2021-09-24 14:17:01',2258172,7),(1,477,'2021-05-28 04:41:22','2021-09-24 14:16:56',2258167,7),(1,515,'2021-08-20 13:30:42','2021-08-29 14:36:40',12951,1),(1,543,'2021-08-20 13:30:42','2021-08-29 14:36:40',12951,1),(1,552,'2021-06-01 10:03:33','2021-10-01 06:21:15',2834426,7),(1,556,'2021-06-01 10:03:34','2021-10-01 06:20:42',2834393,7),(1,557,'2021-08-12 19:43:20','2021-09-09 20:24:24',984215,5),(1,637,'2021-06-01 10:03:34','2021-10-01 06:20:54',2834405,7),(1,801,'2021-06-01 10:03:35','2021-10-01 06:21:06',2834417,7),(1,802,'2021-06-01 10:03:35','2021-10-01 06:19:44',2834335,7),(1,803,'2021-06-01 10:03:35','2021-10-01 06:20:38',2834389,7),(1,804,'2021-06-01 10:03:35','2021-10-01 06:21:00',2834411,7),(1,805,'2021-06-01 10:03:35','2021-10-01 06:19:32',2834323,7),(1,806,'2021-06-01 10:03:35','2021-10-01 06:19:27',2834318,7),(1,807,'2021-06-01 10:03:35','2021-10-01 06:19:52',2834343,7),(1,808,'2021-06-01 10:03:36','2021-10-01 06:20:48',2834399,7),(1,809,'2021-06-01 10:03:36','2021-10-01 06:19:59',2834350,7),(1,810,'2021-08-20 13:30:42','2021-08-29 14:36:40',12951,1),(1,811,'2021-08-09 11:50:24','2021-09-06 12:13:30',695561,5),(1,812,'2021-08-09 11:51:07','2021-09-06 12:13:42',695573,5),(1,878,'2021-08-17 08:18:00','2021-08-30 13:04:15',93806,4),(1,894,'2021-08-12 19:43:38','2021-09-09 20:23:47',984178,5),(1,903,'2021-08-17 08:18:00','2021-08-30 13:04:21',93812,4),(1,904,'2021-08-16 04:48:58','2021-08-29 14:36:40',12951,1),(1,905,'2021-08-21 13:57:37','2021-08-29 14:36:40',12951,1),(1,906,'2021-08-16 04:48:58','2021-08-29 14:36:40',12951,1),(1,907,'2021-08-16 04:48:58','2021-08-29 14:36:45',12956,1),(1,908,'2021-08-20 13:30:42','2021-08-29 14:36:45',12956,1),(1,909,'2021-08-17 08:18:00','2021-08-30 13:04:35',93826,4),(1,910,'2021-08-12 19:43:20','2021-09-09 20:24:08',984199,5),(1,911,'2021-08-17 08:18:00','2021-08-30 13:03:52',93783,4),(1,912,'2021-08-16 04:48:58','2021-08-29 14:36:45',12956,1),(1,913,'2021-08-17 08:18:00','2021-08-30 13:03:32',93763,4),(1,914,'2021-08-16 04:48:58','2021-08-29 14:36:45',12956,1),(1,915,'2021-08-17 08:18:00','2021-08-30 13:04:49',93840,4),(1,916,'2021-08-21 13:57:37','2021-08-29 14:36:45',12956,1),(1,917,'2021-08-12 19:43:20','2021-09-09 20:44:13',985404,5),(1,918,'2021-08-12 19:43:38','2021-09-09 20:41:36',985247,5),(1,919,'2021-08-17 08:18:00','2021-08-30 13:05:33',93884,4),(1,920,'2021-08-21 13:57:37','2021-08-29 14:36:45',12956,1),(1,921,'2021-08-12 19:43:38','2021-09-09 20:22:37',984108,5),(1,922,'2021-08-20 13:30:42','2021-08-29 14:36:45',12956,1),(1,923,'2021-08-12 19:43:20','2021-09-09 20:23:57',984188,5),(1,924,'2021-08-17 08:18:00','2021-08-30 13:02:52',93723,4),(1,925,'2021-08-12 19:43:38','2021-09-09 20:23:31',984162,5),(1,926,'2021-08-20 13:30:42','2021-08-29 14:36:45',12956,1),(1,927,'2021-08-16 04:48:58','2021-08-29 14:36:45',12956,1),(1,928,'2021-08-20 13:30:42','2021-08-29 14:36:45',12956,1),(1,929,'2021-08-20 13:30:42','2021-08-29 14:36:49',12960,1),(1,930,'2021-08-20 13:30:42','2021-08-29 14:36:49',12960,1),(1,931,'2021-08-16 08:05:24','2021-09-13 10:32:28',1294299,5),(1,932,'2021-08-16 08:06:17','2021-09-13 10:32:42',1294313,5),(1,1049,'2021-08-24 07:52:40','2021-09-05 10:34:22',603213,4),(1,1050,'2021-08-24 07:52:40','2021-09-05 10:35:06',603257,4),(1,1051,'2021-08-24 07:52:58','2021-09-05 10:33:14',603145,4),(1,1052,'2021-08-24 07:52:58','2021-09-05 10:34:48',603239,4),(1,1053,'2021-08-24 07:55:16','2021-09-05 10:35:19',603270,4),(1,1054,'2021-08-24 07:52:58','2021-09-05 10:34:16',603207,4),(1,1055,'2021-08-24 07:52:40','2021-09-05 10:33:38',603169,4),(1,1056,'2021-08-24 07:52:40','2021-09-05 10:35:55',603306,4),(1,1057,'2021-08-24 07:52:58','2021-09-05 10:34:29',603220,4),(1,1058,'2021-08-24 07:52:40','2021-09-05 10:35:10',603261,4),(1,1060,'2021-08-24 07:52:58','2021-09-05 10:31:40',603051,4),(1,1061,'2021-08-24 07:52:40','2021-09-05 10:35:14',603265,4),(1,1062,'2021-08-24 07:52:40','2021-09-05 10:33:59',603190,4),(1,1063,'2021-08-24 07:52:58','2021-09-05 10:32:12',603083,4),(1,1064,'2021-08-24 07:52:40','2021-09-05 10:31:46',603057,4),(1,1065,'2021-08-24 07:52:40','2021-09-05 10:34:33',603224,4),(1,1066,'2021-08-24 07:52:58','2021-09-05 10:34:53',603244,4),(1,1067,'2021-08-24 07:52:58','2021-09-05 10:36:02',603313,4),(1,1068,'2021-08-24 07:52:40','2021-09-05 10:35:36',603287,4),(1,1069,'2021-08-24 07:55:16','2021-09-05 10:33:20',603151,4),(1,1070,'2021-08-24 07:52:58','2021-09-05 10:34:59',603250,4),(1,1209,'2021-08-24 07:55:16','2021-09-05 10:33:30',603161,4),(1,1210,'2021-08-24 07:55:16','2021-09-05 10:32:23',603094,4),(1,1216,'2021-08-24 07:55:16','2021-09-05 10:36:25',603336,4),(5,878,'2021-08-17 08:26:00','2021-08-17 15:26:00',14395,1);
/*!40000 ALTER TABLE `interval_words` ENABLE KEYS */;
UNLOCK TABLES;

--
-- Table structure for table `learned_phrasal_verbs`
--

DROP TABLE IF EXISTS `learned_phrasal_verbs`;
/*!40101 SET @saved_cs_client     = @@character_set_client */;
/*!40101 SET character_set_client = utf8 */;
CREATE TABLE `learned_phrasal_verbs` (
  `user_id` int(11) NOT NULL,
  `word_id` int(11) NOT NULL,
  `addition_time` datetime NOT NULL,
  PRIMARY KEY (`user_id`,`word_id`),
  KEY `word_id` (`word_id`),
  CONSTRAINT `learned_phrasal_verbs_ibfk_1` FOREIGN KEY (`user_id`) REFERENCES `user` (`id`),
  CONSTRAINT `learned_phrasal_verbs_ibfk_2` FOREIGN KEY (`word_id`) REFERENCES `phrasal_verbs_vocabulary` (`id`)
) ENGINE=InnoDB DEFAULT CHARSET=latin1;
/*!40101 SET character_set_client = @saved_cs_client */;

--
-- Dumping data for table `learned_phrasal_verbs`
--

LOCK TABLES `learned_phrasal_verbs` WRITE;
/*!40000 ALTER TABLE `learned_phrasal_verbs` DISABLE KEYS */;
/*!40000 ALTER TABLE `learned_phrasal_verbs` ENABLE KEYS */;
UNLOCK TABLES;

--
-- Table structure for table `learned_words`
--

DROP TABLE IF EXISTS `learned_words`;
/*!40101 SET @saved_cs_client     = @@character_set_client */;
/*!40101 SET character_set_client = utf8 */;
CREATE TABLE `learned_words` (
  `user_id` int(11) NOT NULL,
  `word_id` int(11) NOT NULL,
  `addition_time` datetime NOT NULL,
  PRIMARY KEY (`user_id`,`word_id`),
  KEY `word_id` (`word_id`),
  CONSTRAINT `learned_words_ibfk_1` FOREIGN KEY (`user_id`) REFERENCES `user` (`id`),
  CONSTRAINT `learned_words_ibfk_2` FOREIGN KEY (`word_id`) REFERENCES `vocabulary` (`id`)
) ENGINE=InnoDB DEFAULT CHARSET=utf8mb4 COLLATE=utf8mb4_unicode_ci;
/*!40101 SET character_set_client = @saved_cs_client */;

--
-- Dumping data for table `learned_words`
--

LOCK TABLES `learned_words` WRITE;
/*!40000 ALTER TABLE `learned_words` DISABLE KEYS */;
INSERT INTO `learned_words` VALUES (1,1,'2020-12-19 17:20:44'),(1,3,'2021-05-31 06:51:13'),(1,4,'2021-06-05 13:49:43'),(1,7,'2021-05-17 10:57:34'),(1,8,'2021-05-30 18:04:50'),(1,11,'2021-05-30 18:04:50'),(1,14,'2021-05-30 18:04:50'),(1,15,'2021-05-30 18:04:50'),(1,17,'2021-05-17 10:57:34'),(1,21,'2021-05-18 14:28:32'),(1,22,'2021-06-05 13:49:43'),(1,23,'2021-05-30 18:04:50'),(1,26,'2021-06-05 13:49:43'),(1,27,'2021-05-31 06:51:13'),(1,29,'2021-05-31 06:51:13'),(1,30,'2021-06-05 13:49:43'),(1,32,'2021-06-05 13:49:43'),(1,33,'2021-05-18 14:28:32'),(1,34,'2021-06-04 14:49:42'),(1,36,'2021-05-17 10:57:34'),(1,37,'2021-06-05 13:49:43'),(1,38,'2021-05-30 18:04:50'),(1,39,'2021-05-17 10:57:34'),(1,40,'2021-05-30 18:04:50'),(1,41,'2021-03-14 20:29:17'),(1,42,'2021-05-31 06:51:13'),(1,43,'2021-05-31 06:51:13'),(1,44,'2021-05-17 10:57:34'),(1,45,'2021-05-30 18:04:50'),(1,46,'2021-06-04 07:59:45'),(1,47,'2021-05-30 18:04:50'),(1,48,'2021-06-04 14:49:42'),(1,49,'2021-06-05 13:49:43'),(1,50,'2021-05-17 10:57:34'),(1,51,'2021-05-30 18:04:50'),(1,52,'2021-05-30 18:04:50'),(1,53,'2021-05-31 06:51:13'),(1,54,'2021-06-05 13:49:43'),(1,56,'2021-06-04 07:59:45'),(1,57,'2021-05-17 10:57:34'),(1,59,'2021-05-31 06:51:13'),(1,61,'2021-05-18 14:28:32'),(1,62,'2021-05-18 14:28:32'),(1,63,'2021-05-30 18:04:50'),(1,64,'2021-05-30 18:04:50'),(1,67,'2021-05-17 10:57:34'),(1,70,'2021-06-04 14:49:42'),(1,71,'2021-05-31 06:51:13'),(1,72,'2021-05-30 18:04:50'),(1,73,'2021-05-30 18:04:50'),(1,74,'2021-05-30 18:04:50'),(1,79,'2021-06-04 07:59:45'),(1,80,'2021-05-17 10:57:34'),(1,81,'2021-06-05 13:49:43'),(1,82,'2021-05-18 14:28:32'),(1,84,'2021-05-31 06:51:13'),(1,85,'2021-05-30 18:04:50'),(1,86,'2021-05-17 10:57:34'),(1,89,'2021-05-30 18:04:50'),(1,90,'2021-06-05 13:49:43'),(1,91,'2021-05-30 18:04:50'),(1,92,'2021-06-05 13:49:43'),(1,93,'2021-05-30 18:04:50'),(1,94,'2021-05-30 18:04:50'),(1,95,'2021-06-04 14:49:42'),(1,96,'2021-05-18 14:28:32'),(1,97,'2021-05-30 18:04:50'),(1,98,'2021-05-31 06:51:13'),(1,99,'2021-06-05 13:49:43'),(1,104,'2021-05-31 06:51:13'),(1,105,'2021-03-30 14:31:45'),(1,106,'2021-05-18 14:28:32'),(1,107,'2021-05-31 06:51:13'),(1,108,'2021-05-30 18:04:50'),(1,109,'2021-06-05 13:49:43'),(1,110,'2021-05-17 10:57:34'),(1,111,'2021-05-30 18:04:50'),(1,113,'2021-05-18 14:28:32'),(1,114,'2021-05-30 18:04:50'),(1,115,'2021-06-05 13:49:43'),(1,117,'2021-06-04 07:59:45'),(1,118,'2021-05-30 18:04:50'),(1,119,'2021-06-04 14:49:42'),(1,120,'2021-06-04 07:59:45'),(1,121,'2021-06-04 07:59:45'),(1,122,'2021-05-30 18:04:50'),(1,123,'2021-05-18 14:28:32'),(1,124,'2021-06-05 13:49:43'),(1,125,'2021-05-30 18:04:50'),(1,127,'2021-06-05 13:49:43'),(1,128,'2021-05-31 06:51:13'),(1,130,'2021-06-04 07:59:45'),(1,131,'2021-05-31 06:51:13'),(1,132,'2021-05-30 18:04:50'),(1,133,'2021-06-04 07:59:45'),(1,134,'2021-05-30 18:04:50'),(1,135,'2021-05-30 18:04:50'),(1,136,'2021-05-31 06:51:13'),(1,137,'2021-05-30 18:04:50'),(1,138,'2021-05-30 18:04:50'),(1,139,'2021-05-31 06:51:13'),(1,141,'2021-05-31 06:51:13'),(1,142,'2021-06-05 13:49:43'),(1,143,'2021-05-31 06:51:13'),(1,144,'2021-06-04 07:59:45'),(1,145,'2021-05-30 18:04:50'),(1,147,'2021-05-30 18:04:50'),(1,148,'2021-06-05 13:49:43'),(1,149,'2021-06-05 13:49:43'),(1,150,'2021-06-05 13:49:43'),(1,151,'2021-05-31 06:51:13'),(1,152,'2021-06-04 07:59:45'),(1,153,'2021-06-04 07:59:45'),(1,154,'2021-06-05 13:49:43'),(1,155,'2021-06-19 08:45:11'),(1,156,'2021-06-19 08:45:11'),(1,157,'2021-06-19 08:45:11'),(1,158,'2021-06-19 08:45:11'),(1,159,'2021-06-19 08:45:11'),(1,160,'2021-06-19 08:45:11'),(1,161,'2021-06-19 08:45:11'),(1,162,'2021-06-19 08:45:11'),(1,163,'2021-06-19 08:45:11'),(1,164,'2021-06-19 08:45:11'),(1,165,'2021-06-19 08:45:11'),(1,166,'2021-06-19 08:45:11'),(1,167,'2021-06-19 08:45:11'),(1,168,'2021-06-19 08:45:11'),(1,169,'2021-06-19 08:45:11'),(1,170,'2021-06-19 08:45:11'),(1,171,'2021-06-19 08:45:11'),(1,172,'2021-06-19 08:45:11'),(1,173,'2021-06-19 08:45:11'),(1,174,'2021-06-19 08:45:11'),(1,175,'2021-06-19 08:45:11'),(1,177,'2021-07-12 14:18:33'),(1,178,'2021-07-12 14:18:33'),(1,179,'2021-07-12 14:18:33'),(1,180,'2021-07-12 14:18:33'),(1,181,'2021-07-12 14:18:33'),(1,182,'2021-07-12 14:18:33'),(1,183,'2021-07-12 14:18:33'),(1,184,'2021-07-12 14:18:33'),(1,185,'2021-07-12 14:18:33'),(1,186,'2021-07-12 14:18:33'),(1,187,'2021-07-12 14:18:33'),(1,188,'2021-07-12 14:18:33'),(1,190,'2021-07-12 14:18:33'),(1,191,'2021-07-12 14:18:33'),(1,194,'2021-07-12 14:18:33'),(1,195,'2021-07-12 14:18:33'),(1,196,'2021-07-12 14:18:33'),(1,197,'2021-07-12 14:18:33'),(1,198,'2021-07-21 20:36:29'),(1,199,'2021-07-21 20:36:29'),(1,200,'2021-07-21 20:36:29'),(1,201,'2021-07-21 20:36:29'),(1,202,'2021-07-21 20:36:29'),(1,203,'2021-07-21 20:36:29'),(1,204,'2021-07-21 20:36:29'),(1,205,'2021-07-21 20:36:29'),(1,206,'2021-07-21 20:36:29'),(1,207,'2021-07-21 20:36:29'),(1,208,'2021-07-21 20:36:29'),(1,209,'2021-07-21 20:36:29'),(1,210,'2021-07-21 20:36:29'),(1,211,'2021-07-21 20:36:29'),(1,212,'2021-07-21 20:36:29'),(1,214,'2021-08-12 09:13:17'),(1,215,'2021-08-12 09:13:17'),(1,216,'2021-08-12 09:13:17'),(2,1,'2020-12-13 18:56:31');
/*!40000 ALTER TABLE `learned_words` ENABLE KEYS */;
UNLOCK TABLES;

--
-- Table structure for table `phrasal_verbs`
--

DROP TABLE IF EXISTS `phrasal_verbs`;
/*!40101 SET @saved_cs_client     = @@character_set_client */;
/*!40101 SET character_set_client = utf8 */;
CREATE TABLE `phrasal_verbs` (
  `user_id` int(11) NOT NULL,
  `word_id` int(11) NOT NULL,
  `addition_time` datetime NOT NULL,
  PRIMARY KEY (`user_id`,`word_id`),
  KEY `word_id` (`word_id`),
  CONSTRAINT `phrasal_verbs_ibfk_1` FOREIGN KEY (`user_id`) REFERENCES `user` (`id`),
  CONSTRAINT `phrasal_verbs_ibfk_2` FOREIGN KEY (`word_id`) REFERENCES `phrasal_verbs_vocabulary` (`id`)
) ENGINE=InnoDB DEFAULT CHARSET=latin1;
/*!40101 SET character_set_client = @saved_cs_client */;

--
-- Dumping data for table `phrasal_verbs`
--

LOCK TABLES `phrasal_verbs` WRITE;
/*!40000 ALTER TABLE `phrasal_verbs` DISABLE KEYS */;
/*!40000 ALTER TABLE `phrasal_verbs` ENABLE KEYS */;
UNLOCK TABLES;

--
-- Table structure for table `phrasal_verbs_vocabulary`
--

DROP TABLE IF EXISTS `phrasal_verbs_vocabulary`;
/*!40101 SET @saved_cs_client     = @@character_set_client */;
/*!40101 SET character_set_client = utf8 */;
CREATE TABLE `phrasal_verbs_vocabulary` (
  `id` int(11) NOT NULL AUTO_INCREMENT,
  `translation` varchar(60) COLLATE utf8mb4_unicode_ci DEFAULT NULL,
  `key_word` varchar(60) COLLATE utf8mb4_unicode_ci DEFAULT NULL,
  `description` varchar(120) COLLATE utf8mb4_unicode_ci DEFAULT NULL,
  `example` varchar(120) COLLATE utf8mb4_unicode_ci DEFAULT NULL,
  `phrasal_verb` varchar(60) COLLATE utf8mb4_unicode_ci DEFAULT NULL,
  PRIMARY KEY (`id`),
  UNIQUE KEY `unique_phrasal_verb_translation` (`phrasal_verb`,`translation`)
) ENGINE=InnoDB AUTO_INCREMENT=388 DEFAULT CHARSET=utf8mb4 COLLATE=utf8mb4_unicode_ci;
/*!40101 SET character_set_client = @saved_cs_client */;

--
-- Dumping data for table `phrasal_verbs_vocabulary`
--

LOCK TABLES `phrasal_verbs_vocabulary` WRITE;
/*!40000 ALTER TABLE `phrasal_verbs_vocabulary` DISABLE KEYS */;
INSERT INTO `phrasal_verbs_vocabulary` VALUES (110,'пригласить на встречу','ask out','invite on a date','Brian asked Judy out to dinner and a movie','ask somebody out'),(111,'поспрашивать','ask around','ask many people the same question','I asked around but nobody has seen my wallet','ask around'),(112,'увлекаться','be into','be attractefd to','I thought you\'d be into art','be into'),(113,'избивать','beat up','to punch someone','He\'s lucky to be alive. He just was beaten by street gang','beat up'),(114,'взорваться','blow up','explode','The racing car blew up after it crashed into the fence','blow up'),(115,'разнашивать','break in','wear something a few times so that it doesn\'t look/feel new','I need to break these shoes in before we run next week','break something in'),(116,'приостановить','break in','interrupt','The TV station broke in to report the news of the president\'s death','break in'),(117,'расстаться','break up','end a relationship','My boyfriend and I broke up before I moved to America','break up (relationship)'),(118,'рассмеяться','break up','start laughing (informal)','The kids just broke up as soon as the clown started talking','break up (funny)'),(119,'сбежать','break out','escape','The prisoners broke out of jail when the guards weren\'t looking','break out'),(120,'покрытие кожи чем-то','break out','develop a skin condition','I broke out in a rash after our camping trip','break out in something'),(121,'вырастить','bring up','raise a child','My grandparents brought me up after my parents died','bring somebody up (grow)'),(122,'заговорить','bring up','start talking about a subject','My mother walks out of the room when my father brings up sports','bring something up (talk)'),(123,'обзвонить','call around','phone many different places/people','We called around but we weren\'t able to find the car part we needed','call around'),(124,'перезвонить','call back','return a phone call','I called the company back but the offices were closed for the weekend','call somebody back'),(127,'просить','ask for','to ask something','I suppose, he\'ll never ask me for help','ask for'),(128,'преследовать','be after','to chase someone/something','I shouldn\'t be after someone\'s money','be after'),(129,'отлучиться','be away','go out','she is away right now','be away'),(130,'вернуться','be back','to return','I\'ll be back','be back'),(131,'отключиться','be down','not be working','The heater is down','be down'),(143,'напомнить','bring back','makes someone remember or think about something from the past','These photos brings back memories from my childhood','bring back something'),(146,'отменить','call off','cancel','Jason called the wedding off because he wasn\'t in love with his fiancé','call something off'),(147,'спросить','call on','ask for an answer or opinion','The professor called on me for question 1','call on somebody (ask)'),(148,'навестить','call on','visit somebody','We called on you last night but you weren\'t home','call on somebody (meet)'),(149,'позвонить','call up','phone','Give me your phone number and I will call you up when we are in town','call somebody up'),(150,'успокаиваться','calm down','relax after being angry','You are still mad. You need to calm down before you drive the car','calm down'),(152,'продолжать','carry on','continue to','That\'s why I want you to carry on','carry on'),(153,'догнать','catch up','get to the same point as somebody else','You\'ll have to run faster than that if you want to catch up with Marty','catch up'),(154,'зарегистрироваться','check in','arrive and register at a hotel or airport','We will get the hotel keys when we check in','check in'),(155,'выписаться','check out','leave a hotel','You have to check out of the hotel before 11:00 AM','check out (hotel)'),(156,'осматривать','check out','look at carefully, investigate','The company checks out all new employees','check somebody/ something out'),(157,'оценить','check out','look at (informal)','Check out the crazy hair on that guy','check out somebody/ something'),(158,'проверить','check into','to verify something/somebody','We have to check into our suite at the Radisson','check into'),(159,'просмотреть','check through','to browse something','I want you to check through their music collection.','check through'),(160,'обрадоваться','cheer up','become happier','She cheered up when she heard the good news.','cheer up'),(161,'обрадовать','cheer up','make happier','I brought you some flowers to cheer you up.','cheer somebody up'),(162,'помочь','chip in','help','If everyone chips in we can get the kitchen painted by noon.','chip in'),(163,'убрать','clean up','tidy, clean','Please clean up your bedroom before you go outside.','clean something up'),(164,'входить','come in','to enter','Come in, please','come in'),(165,'натолкнуться','come across','find unexpectedly','I came across these old photos when I was tidying the closet.','come across something'),(166,'разделить','come apart','separate','The top and bottom come apart if you pull hard enough.','come apart'),(167,'заболеть','come down','become sick','My nephew came down with chicken pox this weekend.','come down with something'),(168,'выступать','come forward','volunteer for a task or to give evidence','The woman came forward with her husband\'s finger prints.','come forward'),(169,'происходить','come from','originate in','The art of origami comes from Asia.','come from some place'),(170,'положиться','count on','rely on','I am counting on you to make dinner while I am out.','count on somebody/ something'),(171,'зачеркнуть','cross something out','draw a line through','Please cross out your old address and write your new one.','cross something out'),(172,'отказаться','cut back','consume less','My doctor wants me to cut back on sweets and fatty foods.','cut back on something'),(173,'свалить','cut something down','make something fall to the ground','We had to cut the old tree in our yard down after the storm.','cut something down'),(177,'отрезать','cut something off','remove with something sharp','The doctors cut off his leg because it was severely injured.','cut something off'),(179,'отговорить','cut somebody off','take out of a will','My grandparents cut my father off when he remarried.','cut somebody off (talk)'),(180,'вырезать','cut something out','remove part of something (usually with scissors and paper)','I cut this ad out of the newspaper.','cut something out'),(181,'избить','do over','beat up','He\'s lucky to be alive. His shop was done over by a street gang.','do somebody/ something over'),(182,'переделать','do something over','do again (AmE)','My teacher wants me to do my essay over because she doesn\'t like my topic.','do something over'),(183,'отказаться','do away','discard','It\'s time to do away with all of these old tax records.','do away with something'),(184,'надеть','do up','fasten, close','Do your coat up before you go outside. It\'s snowing!','do something up'),(185,'бросить','drop out','quit a class, school etc','I dropped out of Science because it was too difficult.','drop out (study)'),(186,'возвращаться','get back','return','We got back from our vacation last week.','get back'),(187,'уходить','get off','finish the job','What time he gonna get off tomorrow?','get off'),(188,'преодолевать','get over something','overcome a problem','The company will have to close if it can\'t get over the new regulations.','get over something'),(189,'уходить','get out','escape','we\'ve got to get out of here','get out'),(192,'вернуться','go back','return to a place','I have to go back home and get my lunch.','go back'),(193,'продолжать','go on','to continue','He haven\'t given up and just have gone on working his project','go on (just go on)'),(194,'происходить','go on','to occur','What is going on here?','go on (what\'s going on)'),(195,'выходить','go out','leave home to go on a social event','We\'re going out for dinner tonight.','go out'),(196,'встречаться','go out','date','Jesse has been going out with Luke since they met last winter.','go out with somebody'),(197,'обходиться','go without something','suffer lack or deprivation','When I was young, we went without winter boots.','go without something'),(198,'сдавать','hand something in','submit','I have to hand in my essay by Friday.','hand something in'),(199,'раздавать','hand something out','to distribute to a group of people','We will hand out the invitations at the door.','hand something out'),(200,'подождать','hang on','wait a short time (informal)','Hang on a second I\'ll just grab my gloves','hang on'),(201,'проводить время с кем-либо','hang out','spend time relaxing (informal)','Instead of going to the party we are just going to hang out at my place.','hang out'),(202,'положить трубку','hang up','end a phone call','I couldn\'t talking more, so just hung up on her','hang up'),(203,'задерживать','hold up','delay','Now hold up a second \'cause this is no joke.','hold up'),(204,'смеяться над','laugh at','giggle at smth/smbd','I screw it up, so they laughed at me','laugh at somebody/something'),(205,'подвести','let down','fail to support or help, disappoint','Don\'t let me down','let somebody down'),(206,'впустить','let in','allow to enter','Can you let the cat in before you go to school?','let somebody in'),(207,'выпустить','let out','allow to quit','Don\'t let the dog out of house, please','let somebody out'),(230,'спросить у кого-то','call on','ask for an answer or opinion','The professor called on me for question 1','call on somebody'),(236,'проводить','carry out','to do','We carried out a very interesting research','carry out'),(258,'вмешаться','cut in','interrupt','Your father cut in while I was dancing with your uncle.','cut in'),(259,'подрезать','cut in','pull in too closely in front of another vehicle','The bus driver got angry when that car cut in.','cut in (vehicle)'),(260,'включиться','cut in','start operating (of an engine or electrical device)','The air conditioner cuts in when the temperature gets to 22°C.','cut in (engine or electrical device)'),(262,'отключить','cut something off','stop providing','The phone company cut off our phone because we didn\'t pay the bill.','cut something off (providing)'),(274,'вставать','get up','stand','You should get up and give the elderly man your seat.','get up'),(275,'сдать кого-то','give away','reveal hidden information about somebody','His wife gave him away to the police.','give somebody away (information)'),(276,'вести к алтарю','give away','take the bride to the altar','My father gave me away at my wedding.','give somebody away (wedding)'),(277,'проболтаться','give away','ruin a secret','My little sister gave the surprise party away by accident.','give something away (talk)'),(278,'раздавать','give away','give something to somebody for free','The library was giving away old books on Friday.','give something away (hand out)'),(279,'вернуть долг','give back','return a borrowed item','I have to give these skates back to Franz before his hockey game.','give something back'),(280,'сдаться','give in','reluctantly stop fighting or arguing','My boyfriend didn\'t want to go to the ballet, but he finally gave in.','give in (fighting or arguing)'),(281,'раздавать','give out','give to many people (usually at no cost)','They were giving out free perfume samples at the department store.','give something out'),(282,'бросить привычку','give up','quit a habit','I am giving up smoking as of January 1st.','give something up (habbit)'),(283,'сдаваться','give up','stop trying','My maths homework was too difficult so I gave up.','give up'),(284,'выступать против','go somebody','compete, oppose','We are going against the best soccer team in the city tonight.','go against somebody'),(285,'начинать','go ahead','start, proceed','Please go ahead and eat before the food gets cold.','go ahead'),(289,'просмотреть','go over','review','Please go over your answers before you submit your test.','go over something'),(290,'зайти','go over','visit somebody nearby','I haven\'t seen Tina for a long time. I think I\'ll go over for an hour or two.','go over'),(292,'вырасти заново','grow back','regrow','My roses grew back this summer.','grow back'),(303,'отговаривать','talk out','to convince somebody to not do something','You don\'t think I tried talking myself out of this?','talk somebody out'),(304,'примерить','try something on','sample clothing','I\'m going to try these jeans on, but I don\'t think they will fit.','try something on'),(305,'попробовать','try something out','test','I am going to try this new brand of detergent out.','try something out'),(306,'закончить','use something up','finish the supply','The kids used all of the toothpaste up so we need to buy some more.','use something up'),(307,'проснуться','wake up','stop sleeping','We have to wake up early for work on Monday.','wake up'),(308,'нагреть','warm up','increase the temperature','You can warm your feet up in front of the fireplace.','warm somebody/ something up'),(309,'разогреться','warm up','prepare body for exercise','I always warm up by doing sit-ups before I go for a run.','warm up'),(310,'стереться','wear off','fade away','Most of my make-up wore off before I got to the party.','wear off'),(311,'заниматься спортом','work out','exercise','I work out at the gym three times a week.','work out (sport)'),(312,'удаваться','work out','be successful','Our plan worked out fine.','work out (success)'),(313,'посчитать','work something out','make a calculation','We have to work out the total cost before we buy the house.','work something out'),(314,'держись','hang in','stay positive (informal)','Hang in there. I\'m sure you\'ll find a job very soon','hang in'),(315,'подождать','hold on','wait a short time','Please hold on while I transfer you to the Sales Department.','hold on'),(316,'гулять','walk up with','to go with somebody','Feeling like the love of your life is walking up with the wrong man','walk up with somebody'),(317,'есть вне дома','eat out','eat at a restaurant','I don\'t feel like cooking tonight. Let\'s eat out.','eat out'),(318,'решиться','end up','eventually reach/do/decide','We ended up renting a movie instead of going to the theatre.','end up'),(319,'разорвать','fall apart','break into pieces','My new dress fell apart in the washing machine.','fall apart'),(320,'упасть','fall down','fall to the ground','The picture that you hung up last night fell down this morning.','fall down'),(321,'выпасть','fall out','separate from an interior','The money must have fallen out of my pocket.','fall out'),(322,'разобраться','figure out','understand, find the answer','I need to figure out how to fit the piano and the bookshelf in this room.','figure something out'),(323,'ухаживать','look after','take care of','I have to look after my sick grandmother.','look after somebody/ something'),(324,'презирать','look down on somebody','think less of, consider inferior','Ever since we stole that chocolate bar your dad has looked down on me.','look down on somebody'),(325,'искать','look for','try to find','I\'m looking for a red dress for the wedding.','look for somebody/ something'),(326,'придумать','make up','invent, lie about something','Josie made up a story about why we were late.','make something up'),(328,'сделать макияж','make up','apply cosmetics to','My sisters made me up for my graduation party.','make somebody up'),(329,'раздать','pass out','give the same thing to many people','The professor passed the textbooks out before class.','pass something out'),(330,'упустить','pass up','decline (usually something good)','I passed up the job because I am afraid of change.','pass something up'),(331,'указать','point out','indicate with your finger','I\'ll point my boyfriend out when he runs by.','point somebody/ something out'),(332,'положить','put down','put what you are holding on a surface or floor','You can put the groceries down on the kitchen counter.','put something down'),(333,'терпеть','put up with','tolerate','I don\'t think I can put up with three small children in the car.','put up with somebody/ something'),(334,'столкнуться','run into','meet unexpectedly','I ran into an old school-friend at the mall.','run into somebody/ something'),(335,'перехать','run over','drive a vehicle over a person or thing','I accidentally ran over your bicycle in the driveway.','run over somebody/ something'),(336,'вернуть','send back','return (usually by mail)','My letter got sent back to me because I used the wrong stamp.','send something back'),(337,'организовать','set up','arrange, organize','Our boss set a meeting up with the president of the company.','set something up'),(338,'узнать цены','shop around','compare prices','I want to shop around a little before I decide on these boots.','shop around'),(339,'хвастаться','show off','act extra special for people watching (usually boastfully)','He always shows off on his skateboard','show off'),(340,'остаться на ночь','sleep over','stay somewhere for the night (informal)','You should sleep over tonight if the weather is too bad to drive home.','sleep over'),(341,'исправить','sort something out','organize, resolve a problem','We need to sort the bills out before the first of the month.','sort something out'),(342,'придерживаться','stick to','continue doing something, limit yourself to one particular thing','You will lose weight if you stick to the diet.','stick to something'),(343,'выключить','switch off','stop the energy flow, turn off','The light\'s too bright. Could you switch it off.','switch something off'),(344,'включить','switch on','start the energy flow, turn on','We heard the news as soon as we switched on the car radio.','switch something on'),(345,'помириться','make up','forgive each other','We were angry last night, but we made up at breakfast.','make up'),(346,'понять','make out','to figure out','The report makes out a strong case for spending more money on hospitals','make out'),(347,'разойтись','grow apart','stop being friends over time','My best friend and I grew apart after she changed schools.','grow apart'),(348,'вырасти из','grow out of','get too big for','Elizabeth needs a new pair of shoes because she has grown out of her old ones.','grow out of something'),(349,'вырасти','grow up','become an adult','When Jack grows up he wants to be a fireman.','grow up'),(350,'удержать','hold back','prevent from doing/going','I had to hold my dog back because there was a cat in the park.','hold somebody/ something back'),(351,'скрывать','hold back','hide an emotion','Jamie held back his tears at his grandfather\'s funeral.','hold something back'),(352,'придерживать','hold onto','hold firmly using your hands or arms','Hold onto your hat because it\'s very windy outside.','hold onto somebody/ something'),(353,'ограбить','hold up','rob','A man in a black mask held the bank up this morning.','hold somebody/ something up'),(354,'придерживаться','keep on doing','continue doing','Keep on stirring until the liquid comes to a boil.','keep on doing something'),(355,'скрывать','keep from','not tell','We kept our relationship from our parents for two years.','keep something from somebody'),(356,'не входить','keep out','stop from entering','Try to keep the wet dog out of the living room.','keep somebody/ something out'),(357,'продолжать','keep up','continue at the same rate','If you keep those results up you will get into a great college.','keep something up'),(358,'войти','log in','sign in (to a website, database etc)','I can\'t log in to Facebook because I\'ve forgotten my password.','log in'),(359,'войти','log on','sign in (to a website, database etc)','I can\'t log on to Facebook because I\'ve forgotten my password.','log on'),(360,'выйти','log out','sign out (of a website, database etc)','If you don\'t log out somebody could get into your account.','log out'),(361,'выйти','log off','sign out (of a website, database etc)','If you don\'t log off somebody could get into your account.','log off'),(362,'изучить','look into','investigate','We are going to look into the price of snowboards today.','look into something'),(363,'быть осторожным с кем(чем)-либо','look out for','be especially vigilant for','Don\'t forget to look out for snakes on the hiking trail.','look out for somebody/ something'),(364,'уважать','look up to somebody','have a lot of respect for','My little sister has always looked up to me.','look up to somebody'),(365,'найти','look up','search for information in a book/computer','Please look up this word in a dictionary','look up'),(366,'компенсировать','make up for','compensate for','You have to try making up for lost hours.','make up for'),(367,'покинуть','pass away','die','His uncle passed away last night after a long illness.','pass away'),(368,'вернуть долг','pay back','return owed money','Thanks for buying my ticket. I\'ll pay you back on Friday.','pay somebody back'),(369,'заплатить','pay for','be punished for doing something bad','That bully will pay for being mean to my little brother.','pay for something'),(370,'отложить','put off','postpone','We are putting off our trip until January because of the hurricane.','put something off'),(371,'погасить','put out','extinguish','The neighbours put the fire out before the firemen arrived.','put something out'),(372,'просмотреть','run over','rehearse, review','Let\'s run over these lines one more time before the show.','run over something'),(373,'просмотреть','run through','rehearse, review','Let\'s run through these lines one more time before the show.','run through something'),(374,'убежать','run away','leave unexpectedly, escape','The child ran away from home and has been missing for three days.','run away'),(375,'закончиться','run out','have none left','We ran out of shampoo so I had to wash my hair with soap.','run out'),(376,'заманивать','set up','trick, trap','The police set up the car thief by using a hidden camera.','set somebody up'),(377,'пойти в кого-то','take after','resemble a family member','I take after my mother. We are both impatient.','take after somebody'),(378,'разобрать','take apart','purposely break into pieces','He took the car brakes apart and found the problem.','take something apart'),(379,'вернуть','take back','return an item','I have to take our new TV back because it doesn\'t work.','take something back'),(380,'улетать','take off','start to fly','My plane takes off in five minutes.','take off'),(381,'снимать','take something off','remove something (usually clothing)','Take off your socks and shoes and come in the lake!','take something off'),(382,'убрать','take out','remove from a place or thing','Can you take the garbage out to the street for me?','take something out'),(383,'выговориться','talk out','get off a chest','Talk it out, find a positive solution','talk something out'),(384,'убавить','turn something down','decrease the volume or strength (heat, light etc)','Please turn the TV down while the guests are here.','turn something down'),(385,'отказываться','turn down','refuse','I turned the job down because I don\'t want to move.','turn something down'),(386,'выключить','turn off','stop the energy flow, switch off','Your mother wants you to turn the TV off and come for dinner.','turn something off'),(387,'включить','turn on','start the energy, switch on','It\'s too dark in here. Let\'s turn some lights on.','turn something on');
/*!40000 ALTER TABLE `phrasal_verbs_vocabulary` ENABLE KEYS */;
UNLOCK TABLES;

--
-- Table structure for table `role`
--

DROP TABLE IF EXISTS `role`;
/*!40101 SET @saved_cs_client     = @@character_set_client */;
/*!40101 SET character_set_client = utf8 */;
CREATE TABLE `role` (
  `id` int(11) NOT NULL AUTO_INCREMENT,
  `name` varchar(100) COLLATE utf8mb4_unicode_ci DEFAULT NULL,
  `description` varchar(255) COLLATE utf8mb4_unicode_ci DEFAULT NULL,
  PRIMARY KEY (`id`),
  UNIQUE KEY `name` (`name`)
) ENGINE=InnoDB AUTO_INCREMENT=7 DEFAULT CHARSET=utf8mb4 COLLATE=utf8mb4_unicode_ci;
/*!40101 SET character_set_client = @saved_cs_client */;

--
-- Dumping data for table `role`
--

LOCK TABLES `role` WRITE;
/*!40000 ALTER TABLE `role` DISABLE KEYS */;
INSERT INTO `role` VALUES (4,'student','Just learn English and worry nothing, may change email'),(5,'editor','allowed to correct the words-translations'),(6,'administrator','full access');
/*!40000 ALTER TABLE `role` ENABLE KEYS */;
UNLOCK TABLES;

--
-- Table structure for table `roles_users`
--

DROP TABLE IF EXISTS `roles_users`;
/*!40101 SET @saved_cs_client     = @@character_set_client */;
/*!40101 SET character_set_client = utf8 */;
CREATE TABLE `roles_users` (
  `user_id` int(11) DEFAULT NULL,
  `role_id` int(11) DEFAULT NULL,
  KEY `user_id` (`user_id`),
  KEY `role_id` (`role_id`),
  CONSTRAINT `roles_users_ibfk_1` FOREIGN KEY (`user_id`) REFERENCES `user` (`id`),
  CONSTRAINT `roles_users_ibfk_2` FOREIGN KEY (`role_id`) REFERENCES `role` (`id`)
) ENGINE=InnoDB DEFAULT CHARSET=utf8mb4 COLLATE=utf8mb4_unicode_ci;
/*!40101 SET character_set_client = @saved_cs_client */;

--
-- Dumping data for table `roles_users`
--

LOCK TABLES `roles_users` WRITE;
/*!40000 ALTER TABLE `roles_users` DISABLE KEYS */;
INSERT INTO `roles_users` VALUES (1,4),(1,6),(3,4),(4,4),(5,4);
/*!40000 ALTER TABLE `roles_users` ENABLE KEYS */;
UNLOCK TABLES;

--
-- Table structure for table `user`
--

DROP TABLE IF EXISTS `user`;
/*!40101 SET @saved_cs_client     = @@character_set_client */;
/*!40101 SET character_set_client = utf8 */;
CREATE TABLE `user` (
  `id` int(11) NOT NULL AUTO_INCREMENT,
  `email` varchar(60) COLLATE utf8mb4_unicode_ci NOT NULL,
  `password` varchar(128) COLLATE utf8mb4_unicode_ci NOT NULL,
  `active` tinyint(1) DEFAULT NULL,
  PRIMARY KEY (`id`),
  UNIQUE KEY `email` (`email`)
) ENGINE=InnoDB AUTO_INCREMENT=6 DEFAULT CHARSET=utf8mb4 COLLATE=utf8mb4_unicode_ci;
/*!40101 SET character_set_client = @saved_cs_client */;

--
-- Dumping data for table `user`
--

LOCK TABLES `user` WRITE;
/*!40000 ALTER TABLE `user` DISABLE KEYS */;
INSERT INTO `user` VALUES (1,'dan2@mail.ru','$2b$12$JVSyUJlXV1cOgqFoWf8.n.6/OC/.Ot2p9PbvT3Xp/46V9LYWgRG9u',1),(2,'coder@mail.ru','$2b$12$fkojtr.FAwCJViOZQteZVe0Phh7InWumVgnm0In307kbKUxRe55Ba',1),(3,'new_user1@mail.ru','$2b$12$w6RRTGLRtLmir4C.Y2GRC.ge2iDzn8m6sIiiTPb71l38HSpQ/R1te',1),(4,'new_user2@mail.ru','$2b$12$2/DBru0rLLostO3pj8RpxesbiwZPdxv00uLYRPfCZUrIpzVg8i.D.',1),(5,'kityara@mail.ru','$2b$12$YRZZpktMlky6eyqcymJNbOwQhhNlvrk1EVDvTILzcBSU.9XsUz09O',1);
/*!40000 ALTER TABLE `user` ENABLE KEYS */;
UNLOCK TABLES;

--
-- Table structure for table `vocabulary`
--

DROP TABLE IF EXISTS `vocabulary`;
/*!40101 SET @saved_cs_client     = @@character_set_client */;
/*!40101 SET character_set_client = utf8 */;
CREATE TABLE `vocabulary` (
  `id` int(11) NOT NULL AUTO_INCREMENT,
  `word` varchar(40) COLLATE utf8mb4_unicode_ci DEFAULT NULL,
  `translation` varchar(40) COLLATE utf8mb4_unicode_ci NOT NULL,
  PRIMARY KEY (`id`),
  UNIQUE KEY `unique_word_translation` (`word`,`translation`)
) ENGINE=InnoDB AUTO_INCREMENT=1362 DEFAULT CHARSET=utf8mb4 COLLATE=utf8mb4_unicode_ci;
/*!40101 SET character_set_client = @saved_cs_client */;

--
-- Dumping data for table `vocabulary`
--

LOCK TABLES `vocabulary` WRITE;
/*!40000 ALTER TABLE `vocabulary` DISABLE KEYS */;
INSERT INTO `vocabulary` VALUES (118,'a breach','нарушение'),(15,'a noon','полдень'),(931,'above','над'),(929,'accustomed to','привыкший'),(932,'across','через'),(173,'actually','на самом деле'),(1056,'addiction','зависимость'),(804,'adoptable','приемлемый'),(195,'adorable','милый'),(156,'advantage','преимущество'),(214,'against','против'),(1210,'aggregation','объединение'),(1051,'ahead','впереди'),(149,'along','вдоль'),(217,'alternately','попеременно'),(46,'among','между'),(85,'apart','кроме'),(1066,'apart from','кроме'),(91,'approach','подход'),(177,'approximately','приблизительно'),(216,'aware','осведомленный'),(922,'be selfish by','быть эгоистом'),(178,'beforehand','заранее'),(48,'behind','сзади'),(1060,'below','ниже'),(1065,'beside','около'),(1061,'besides','кроме'),(802,'beyond','за'),(920,'bitterly','резко'),(1050,'bizzare','причудливый'),(556,'blanket','одеяло'),(200,'bleeding','кровотечение'),(915,'boastfully','хвастливо'),(21,'branch','ответвление'),(475,'brazenly','нагло'),(64,'briefly','Кратко'),(930,'capable of','способный на'),(119,'certain','уверенный'),(120,'certainly','конечно'),(469,'chicken pox','ветрянка'),(121,'circumstance','обстоятельство'),(40,'coherent','Когерентный'),(44,'collaborate','совместно работать'),(221,'competitive','конкурентный'),(894,'competitive','конкурентоспособный'),(123,'completely','полностью'),(122,'complexity','сложность'),(94,'complicated','сложный'),(74,'comprise','состоять из'),(1062,'concerning','касательно'),(26,'conciling','примирение'),(1216,'concise','краткий'),(139,'conclusion','заключение'),(104,'configure','настраивать'),(143,'conjuction','соединение'),(43,'contribution','вклад'),(207,'cramp','спазм'),(206,'cramping pain','спазматическая боль'),(99,'credential','учетные данные'),(811,'cure for','лекарство от'),(1,'custom','индивидуальный'),(172,'definitly','точно'),(179,'deliberately','умышленно'),(157,'demand','потребность'),(928,'deprive','неблагополучный'),(1063,'despite','несмотря на'),(198,'disease','болезнь'),(98,'drawback','недостаток'),(93,'effort','усилие'),(205,'elbow','локоть'),(89,'electrical','электрическое'),(196,'embalished','украшен'),(1049,'embankment','набережная'),(45,'enormously','чрезвычайно'),(105,'entirely','полностью'),(127,'entity','сущность'),(906,'essential','необходимый'),(907,'evidence','доказательство'),(67,'exhausetive','исчерпывающий'),(803,'expectation','ожидание'),(92,'explicit','искренний'),(61,'explicitly','явно'),(53,'extensive','обширный'),(162,'fabulous','сказочный'),(32,'facility','возможности'),(919,'fascinating','захватывающий'),(1209,'flavor','разновидность'),(170,'fortunately','к счастью'),(180,'frankly','откровенно'),(220,'furthermore','более того'),(51,'goal','цель'),(219,'goal-oriented','целенаправленный'),(163,'gorgeous','роскошный'),(1052,'grab','схватить'),(181,'gradually','постепенно'),(107,'granular','зернистый'),(472,'handwriting','почерк'),(174,'importance','важность'),(1064,'in spite of','несмотря на'),(182,'incredibly','невероятно'),(911,'inferrior','низший'),(101,'influence','влияние'),(30,'inherent','присущий'),(78,'initial','начальный'),(183,'instantly','немедленно'),(142,'intact','неповрежденный'),(908,'interior','внутренний'),(50,'introduction','вступление'),(184,'jointly','вместе'),(918,'keen','увлеченный'),(166,'layout','макет'),(165,'leisure','досуг'),(203,'lightning','молния'),(1058,'losses','убытки'),(4,'man','мужчина'),(56,'mentioned','упомянутый'),(36,'merge','слияние'),(208,'mild pain','слабая боль'),(209,'moderate pain','умеренная боль'),(204,'nerve','нерв'),(185,'nevertheless','тем не менее'),(11,'nice','красивый'),(133,'obvious','очевидный'),(33,'occasionally','иногда'),(62,'omission','замалчивание'),(1067,'opposite','напртив'),(47,'overall','общий'),(84,'overlap','наложение'),(186,'partly','частично'),(1068,'past','мимо'),(167,'perhaps','может быть'),(54,'peruse','читать'),(337,'pity','жалость'),(97,'polished','полированный'),(194,'polite','вежливый'),(168,'possibly','возможно'),(187,'precisely','определенно'),(71,'prevent','предотвратить'),(169,'probably','вероятно'),(79,'proceed','продолжать'),(808,'profitable','прибыльный'),(132,'prone','склонный'),(1053,'purchase','покупать'),(810,'quantity','количество'),(925,'quarrel','скандал'),(72,'quote','ставку'),(38,'rather','скорее'),(100,'realm','область'),(151,'redundant','избыточный'),(52,'reference','ссылка'),(334,'refusing','отказ'),(86,'regard','С уважением'),(188,'regardless','несмотря ни на что'),(336,'regret','раскаяние '),(189,'relatively','относительно'),(77,'release','публикация'),(215,'relevant','соответствующий'),(37,'relying','полагаясь'),(338,'remorse','сожаление'),(333,'renouncement','отказ'),(926,'report','доклад'),(81,'respect','уважение'),(552,'scale','масштаб'),(49,'scale','шкала'),(7,'science','наука'),(637,'scissor','ножницы'),(557,'scissor','ножницы;'),(24,'separate','отдельный'),(23,'separately','отдельно'),(42,'several','несколько'),(210,'severe pain','сильная боль'),(211,'shooting pain','стреляющая боль'),(102,'sign','подпись'),(27,'simultaneously','одновременно'),(190,'slightly','немного'),(90,'smoothly','замедленно'),(73,'snapshot','снимок'),(202,'sneezing','чихание'),(339,'sorrow','печаль'),(343,'stability','стабильность'),(59,'streamline','упростить'),(8,'sugar','сахар'),(912,'surface','поверхность'),(927,'surge','всплеск'),(199,'symptom','симптом'),(164,'tan','загар'),(878,'taught','учил'),(212,'tearing pain','раздирающая боль'),(1361,'temptation','искушение'),(1357,'test fixture','тестовое окружение'),(1358,'test suit','набор тестов'),(340,'the strongest fear','самый сильный страх'),(150,'therefore','следовательно'),(145,'though','тем не менее'),(543,'though','хотя'),(399,'through ','через'),(1360,'thus','таким образом'),(82,'tip','совет'),(201,'tiredness','усталость'),(346,'to abandon','оставлять'),(347,'to abash','смущать'),(113,'to accept','принимать'),(921,'to accuse','обвинять'),(108,'to achieve','достигать'),(348,'to adjust','приспосабливаться'),(923,'to admire','восхищаться'),(805,'to admit','признать'),(349,'to adorn','украшать'),(136,'to affect','влиять'),(344,'to afford','предоставлять'),(350,'to aggregate','объединять'),(351,'to anticipate','предчувствовать'),(135,'to appear','казаться'),(125,'to appreciate','оценивать'),(137,'to appropriate','присвоить'),(352,'to argue','заявлять'),(141,'to arise','возникать'),(914,'to arrange','организовать'),(1054,'to ascend','подниматься'),(353,'to assert','утверждать'),(114,'to assign','присваивать'),(115,'to assume','предполагать'),(117,'to bear in mind','иметь ввиду'),(354,'to bethink','вспомнить'),(1057,'to betray','предавать'),(916,'to boast','хвастаться'),(355,'to castigate','осуждать'),(909,'to cause','вызывать'),(477,'to chase','преследовать'),(356,'to condemn','осуждать'),(357,'to conduct','проводить'),(176,'to conjugate','сопрягать'),(917,'to consume','использовать'),(358,'to contaminate','загрязнять'),(124,'to contribute','способствовать'),(359,'to dangle','качаться'),(360,'to delineate','описывать'),(362,'to deliver from','происходить из'),(80,'to denote','сообщить'),(361,'to deprecate','выступать против'),(1055,'to descend','опускаться'),(63,'to describe','описывать'),(812,'to desire for','желать'),(363,'to detect','обнаруживать'),(364,'to deteriorate','ухудшать'),(365,'to determine','определять'),(34,'to discourage','отговаривать'),(366,'to disrobe','раздевать'),(367,'to diversity','разнообразить'),(368,'to efface','стирать'),(369,'to enchant','очаровывать'),(370,'to endorse','одобрить'),(515,'to endorse','потверждать'),(22,'to evolve','улучшаться'),(17,'to examine','исследовать'),(801,'to excel','превосходить'),(153,'to exhibit','выставлять'),(155,'to expand','расширять'),(371,'to exploit','использовать'),(152,'to expose','выставлять'),(372,'to feign','притворяться'),(373,'to fortify','усиливать'),(130,'to fulfill','выполнить'),(131,'to further','продвигать'),(806,'to gain','получать'),(374,'to garnish','украшать'),(375,'to generate','порождать'),(218,'to get along','ладить'),(106,'to handle','обрабатывать'),(376,'to haunt','часто посещать'),(96,'to implement','осуществлять'),(377,'to impose','навязывать'),(378,'to innovate','вводить новшества'),(379,'to investigate','исследовать'),(380,'to invoke','вызывать'),(3,'to involve','содержать'),(222,'to jeopardize','подвергать опасности'),(148,'to leave up','обращаться'),(159,'to lounge','бездельничать'),(161,'to lure','завлекать'),(95,'to maintain','поддерживать'),(382,'to marshall','размещать'),(111,'to mitigate','смягчить'),(903,'to negotiate','вести переговоры'),(809,'to negotiate','вести переговоры;'),(75,'to nest','вложить'),(383,'to obtain','получать'),(70,'to occure','происходить'),(1359,'to orchestrate','организовывать'),(134,'to originate','создавать'),(471,'to originate (from)','происходить'),(384,'to permeate','преодолевать'),(41,'to permit','разрешить'),(385,'to perpetuate','увековечивать'),(386,'to plunge','погружаться'),(910,'to postpone','отложить'),(76,'to precede','предшествовать'),(223,'to prevail','преобладать'),(807,'to profit','получать прибыль'),(103,'to provide','предоставлять'),(160,'to quench','утолять'),(341,'to reach','достигать'),(342,'to receive a salary','получать зарплату'),(388,'to reduce','сокращать'),(29,'to refer','направить'),(389,'to reiterate','повторять'),(390,'to remonstrate','возражать'),(14,'to require','требовать'),(109,'to retrieve','извлечь'),(904,'to screw up','облажаться'),(391,'to scrutinize','изучать'),(175,'to seek','стремиться'),(392,'to separate','разделять'),(335,'to spare','уделять'),(476,'to steal','украсть'),(144,'to strive','прилагать усилия'),(393,'to succumb','погибать'),(158,'to suggest','предложить'),(110,'to supply','обеспечить'),(394,'to suppress','подавлять'),(395,'to testify','заявлять'),(398,'to thought ','думать'),(473,'to tiptoe','ходить на цыпочках'),(913,'to tolerate','терпеть'),(396,'to undertake','предпринимать'),(905,'to verify','проверить'),(397,'to weave','сплетаться'),(468,'tough','сложный'),(1070,'towards','в направлении'),(345,'tuition','обучение'),(138,'ultimately','в конечном итоге'),(128,'unambigous','однозначный'),(39,'undoing','отмена'),(171,'unfortunately','к сожалению'),(146,'unintentially','непреднамеренный'),(154,'unintentionally','непреднамеренно'),(1069,'until','до тех пор'),(191,'utterly','крайне'),(924,'vital','необходимый'),(470,'volunteer','доброволец'),(197,'wardrobe','гардероб'),(57,'wealth','богатство'),(147,'within','внутри');
/*!40000 ALTER TABLE `vocabulary` ENABLE KEYS */;
UNLOCK TABLES;

--
-- Table structure for table `words`
--

DROP TABLE IF EXISTS `words`;
/*!40101 SET @saved_cs_client     = @@character_set_client */;
/*!40101 SET character_set_client = utf8 */;
CREATE TABLE `words` (
  `user_id` int(11) NOT NULL,
  `word_id` int(11) NOT NULL,
  `addition_time` datetime NOT NULL,
  PRIMARY KEY (`user_id`,`word_id`),
  KEY `word_id` (`word_id`),
  CONSTRAINT `words_ibfk_1` FOREIGN KEY (`user_id`) REFERENCES `user` (`id`),
  CONSTRAINT `words_ibfk_2` FOREIGN KEY (`word_id`) REFERENCES `vocabulary` (`id`)
) ENGINE=InnoDB DEFAULT CHARSET=utf8mb4 COLLATE=utf8mb4_unicode_ci;
/*!40101 SET character_set_client = @saved_cs_client */;

--
-- Dumping data for table `words`
--

LOCK TABLES `words` WRITE;
/*!40000 ALTER TABLE `words` DISABLE KEYS */;
INSERT INTO `words` VALUES (1,1,'2021-02-26 09:30:56'),(1,3,'2021-02-27 09:39:20'),(1,51,'2021-03-13 16:28:56'),(1,114,'2021-06-10 14:06:44'),(1,121,'2021-02-28 10:27:51'),(1,182,'2021-02-22 18:46:26'),(1,200,'2021-03-07 20:00:18'),(1,223,'2021-05-23 13:20:28'),(1,374,'2021-05-23 13:20:28'),(1,810,'2021-06-16 20:37:56');
/*!40000 ALTER TABLE `words` ENABLE KEYS */;
UNLOCK TABLES;
/*!40103 SET TIME_ZONE=@OLD_TIME_ZONE */;

/*!40101 SET SQL_MODE=@OLD_SQL_MODE */;
/*!40014 SET FOREIGN_KEY_CHECKS=@OLD_FOREIGN_KEY_CHECKS */;
/*!40014 SET UNIQUE_CHECKS=@OLD_UNIQUE_CHECKS */;
/*!40101 SET CHARACTER_SET_CLIENT=@OLD_CHARACTER_SET_CLIENT */;
/*!40101 SET CHARACTER_SET_RESULTS=@OLD_CHARACTER_SET_RESULTS */;
/*!40101 SET COLLATION_CONNECTION=@OLD_COLLATION_CONNECTION */;
/*!40111 SET SQL_NOTES=@OLD_SQL_NOTES */;

-- Dump completed on 2021-08-29 22:19:49
